date,symbol,side,bar,seen_at,latency_s,expired,source,or_high,or_low,level,entry,stop,target,risk_pct,rvol5,or_width_atr,displacement,breakout_rvol,extension,gap_pct,vwap_ok,spy_ok,qqq_ok,same_side_10m,exit_bar,exit_reason,result_pct,win,backtest_agrees,entry_cost_pct,exit_cost_pct,result_real_pct
2026-10-05,BAC,short,09:40,,,,backtest only,54.165,53.76,53.76,53.6931,54.1869,52.7056,0.92,2.61,0.37,0.099,2.0,0.181,0.47,True,False,False,0,10:19,stop,-0.97,False,missed live,0.037,0.009,-0.916
2026-10-05,NVDA,long,09:41,,,,backtest only,237.47,235.2,237.47,237.7688,235.0978,243.1108,1.123,1.66,0.444,0.079,1.48,0.232,0.92,True,True,True,0,15:55,bell,0.392,True,missed live,0.021,-0.013,0.484
2026-10-05,MSFT,long,09:38,,,,backtest only,528.66,521.91,528.66,528.9944,521.6766,543.63,1.383,1.62,0.578,0.01,0.7,0.183,0.9,True,True,True,0,15:55,bell,-0.952,False,missed live,0.068,0.013,-0.933
2026-10-06,CRWD,long,09:38,,,,backtest only,283.1,276.39,283.1,283.4717,276.1886,298.0379,2.569,1.19,0.666,0.034,1.31,0.155,1.98,True,False,False,0,15:55,bell,-1.632,False,missed live,0.12,-0.013,-1.639
2026-10-06,AMD,short,09:35,,,,backtest only,649.74,630.85,630.85,629.715,650.2306,588.6838,3.258,1.08,0.77,0.043,1.8,0.389,2.69,True,True,True,0,10:35,stop,-3.31,False,missed live,0.162,0.028,-3.4
2026-10-06,PLTR,long,09:36,,,,backtest only,192.455,190.38,192.455,192.6713,190.2709,197.4721,1.246,0.91,0.38,0.058,0.75,0.155,0.86,True,False,False,0,15:55,bell,-0.349,False,missed live,-0.018,-0.044,-0.187
2026-10-07,PEP,short,09:35,,,,backtest only,126.37,125.37,125.37,125.2523,126.4152,122.9266,0.928,1.57,0.442,0.055,0.72,0.174,0.23,True,True,True,0,15:55,bell,1.302,True,missed live,0.068,0.073,1.261
2026-10-07,MSFT,short,09:41,,,,backtest only,531.61,527.205,527.205,526.6266,531.8515,516.1767,0.992,1.44,0.365,0.072,0.53,0.113,0.25,True,True,True,0,15:55,bell,-0.594,False,missed live,-0.047,-0.002,-0.445
2026-10-07,AAPL,short,09:35,,,,backtest only,338.6,333.21,333.21,332.8035,338.727,320.9564,1.78,1.38,0.848,0.045,1.3,0.395,0.99,True,True,True,0,15:55,bell,-1.176,False,missed live,0.012,0.009,-1.097
2026-10-08,PEP,long,09:37,09:39:48,109.0,False,live,125.4,124.08,125.4,125.5427,124.0334,128.5614,1.202,3.71,0.567,0.061,6.16,0.322,0.7,True,False,False,0,15:55,bell,1.851,True,yes,0.215,0.016,1.72
2026-10-08,PLTR,short,09:40,09:43:04,124.0,True,live,203.375,197.79,197.79,197.5062,204.4276,183.6634,3.504,3.11,1.038,0.033,3.23,0.646,2.53,True,True,True,0,15:55,bell,-0.769,False,yes,,0.023,
2026-10-08,GOOGL,short,09:40,09:43:04,124.0,True,live,356.8,352.59,352.59,351.904,356.9761,341.7597,1.441,1.17,0.478,0.121,0.92,0.272,0.99,True,True,True,0,15:55,bell,1.04,True,yes,-0.165,-0.0,1.305
