date,dow,symbol,rank,side,entry_bar,k,exit_bar,j,exit,R,stop_pct,rvol5,orw,disp,bvol,ext,gap,with_gap,spy_vwap_ok,spy_open_ok,spy_orw,spy_atr_pct,spy_trend20_ok,key_room_atr,mfe,mae,after_exit_best,bell_R
2026-07-07,Tue,INTC,2,short,09:35,5,15:55,385,bell,0.45145723170193464,4.065587601215611,2.162454546123272,0.38648746899356945,0.03506567549166671,3.290297916244237,0.14560444864611977,-4.948877751949132,True,True,True,0.1480590228499875,1.3639520145998922,False,-0.9118652534473107,0.7942951779505144,0.733189312456829,,0.4635238150532931
2026-07-07,Tue,PEP,3,long,09:35,5,12:28,178,stop,-1.02794378407874,1.7578533102903688,1.9417145571123249,0.6934624024247533,0.04661041606051789,0.8955256298863741,0.3917768861111349,2.3832847406884294,True,False,False,0.1480590228499875,1.3639520145998922,True,-1.1957163065555334,0.15531259868650157,1.0007438003519287,-0.9452362242219856,-1.3395193352315002
2026-07-08,Wed,NEM,2,long,09:39,9,10:40,70,stop,-1.024942399708314,1.9652234291269162,2.304271041502068,0.4248304778342934,0.05470887790217704,0.5251219666725367,0.3152533802633901,-2.041670048988875,False,True,True,0.140269182908072,1.2903351956644447,True,0.7393092963069139,0.012209902749868688,1.0067501421099558,-0.7056334411839144,-0.7835996932424896
2026-07-08,Wed,XOM,5,short,09:35,5,15:55,385,bell,0.5685067549864116,1.1630855795989972,1.9477530197314126,0.380777549052005,0.13534412537429874,2.761211696110678,0.1670530764083227,1.2708745165877389,False,True,False,0.140269182908072,1.2903351956644447,False,0.9602402934305213,1.28658501242274,0.8880212044354682,,0.6111902578886097
2026-07-08,Wed,SNOW,6,long,09:37,7,10:12,42,stop,-1.093235023717657,1.8246767050883503,1.443664667602399,0.360240056531558,0.004563696663972576,3.2325664560707326,0.12182268665072578,-1.3603172653053552,False,True,True,0.140269182908072,1.2903351956644447,True,0.7590722736032763,0.20093492821827483,1.1983342644671613,0.47220354803465053,-0.1153693326162785
2026-07-09,Thu,FCX,1,long,09:51,21,15:55,385,bell,0.7673645513475378,1.893314158332382,3.0607314888775927,0.3769882942243296,0.05050438883794052,0.8162116799128345,0.19414174820247662,3.462672388203547,True,True,True,0.1784312440570841,1.3086820771758836,True,-0.3083518731243616,1.3574743917915106,0.13284601087845263,,0.794170354687127
2026-07-09,Thu,META,4,long,09:39,9,11:11,101,target,1.9662912108714818,1.5286411185548943,2.0154541439795213,0.35429173906953326,0.004899284180921963,0.79642764185302,0.1966583893292072,-3.168547567377855,False,True,True,0.1784312440570841,1.3086820771758836,True,1.3011278759554328,2.021861300239788,0.09412099843588598,5.1910866638091955,5.1553448020138815
2026-07-09,Thu,JNJ,6,long,09:40,10,11:06,96,stop,-1.0744975593380148,1.1035991488425339,1.61152921500993,0.40949874259228736,0.0037988024506908492,0.4124031007748358,0.17456429403113696,-1.0578908906783147,False,True,True,0.1784312440570841,1.3086820771758836,True,0.7068660840036831,0.06486459019527625,1.0297061070609947,-0.7836004961704439,-1.6905851249097719
2026-07-09,Thu,CRM,8,long,09:35,5,15:55,385,bell,0.583766386417757,2.263176077857413,1.4559254952070562,0.5196665121282639,0.13410536633673373,0.5965831212059832,0.3141124561401041,-5.401512581770329,False,True,True,0.1784312440570841,1.3086820771758836,True,1.2948682907077425,1.0397229784619821,0.06488502800142525,,0.6061623133274266
2026-07-10,Fri,ORCL,2,short,09:57,27,15:55,385,bell,0.20128314521630145,2.909654592607751,1.6269409123744574,0.43176294654007213,0.07478918781833167,0.28493441102414235,0.18136075957146858,0.5616402383426644,False,False,False,0.08566814646191369,1.2416191865684114,False,0.06987128596971012,0.526760483716889,0.3547342094695888,,0.2183581364365491
2026-07-13,Mon,AAPL,3,long,09:35,5,11:35,125,stop,-1.0333776441073141,1.4758995590605912,0.9916485541079513,0.45896075864403735,0.07579409197066131,0.5620828925217886,0.16296336323545996,0.5343769882832694,True,True,True,0.1513006243127223,1.2426589628618088,True,-0.4668673089642809,0.49054411441373896,1.0404683653757518,-0.6764478993548241,-0.7408103035975024
2026-07-13,Mon,CRWD,5,short,09:35,5,10:34,64,stop,-1.0182158643436394,3.2822478281621,0.8877534807877243,0.5399994220719231,0.024367201916985704,0.5485372924533216,0.30891643140370006,-0.20838867345309708,True,False,False,0.1513006243127223,1.2426589628618088,False,-0.44798559609881555,0.13045754684909047,1.010855203587257,-0.6491180300865618,-1.0502109037884764
2026-07-13,Mon,FCX,7,long,09:58,28,12:21,171,stop,-1.0293626575396106,1.6743318954005024,0.8634020768323367,0.3565424965736446,0.010640586003287138,0.4837080742038879,0.11372431642770138,-0.9920321901132456,False,True,True,0.1513006243127223,1.2426589628618088,True,0.12105336153860644,0.25073152028151263,1.0167100232346669,-0.9973593480553462,-1.602054107044455
2026-07-13,Mon,MSFT,8,short,09:51,21,12:15,165,stop,-1.0370172597164427,1.3692155541858388,0.8437834650880169,0.39169097667230174,0.02320355908087123,1.2498377325830605,0.19366089308200277,0.7322982552224966,False,True,True,0.1513006243127223,1.2426589628618088,False,0.3682952401624426,0.341884703486083,1.0015082712910508,-0.6949888080858938,-0.9277135546200782
2026-07-14,Tue,JPM,2,long,09:36,6,15:55,385,bell,0.42870989703203916,3.4422911620881105,4.141335979948526,1.7594027895457436,0.008013913610609128,3.0613952817226133,0.5431277914061367,-2.2803361457357507,False,False,False,0.1503731261452404,1.2442190155786994,True,0.11301200622783354,0.617782805631369,0.08769145794184217,,0.44345683486541754
2026-07-14,Tue,CRM,7,long,09:36,6,12:33,183,target,1.9727269278196529,1.9030892031495261,1.526808282696396,0.4579579878826531,0.044563396218203974,1.1770409256477268,0.1426701616961574,-5.379990993936412,False,False,False,0.1503731261452404,1.2442190155786994,True,1.3106417323521216,2.0025696143720557,0.19373211705128843,2.1046514155342737,0.9020263585559
2026-07-15,Wed,CRWD,1,short,09:43,13,15:55,385,bell,0.39008150827763455,3.5267573776076504,2.7802024707090016,0.6224123966815487,0.02606701051431299,0.8305953155492994,0.2909208183553036,0.7567317124375972,False,True,False,0.1139808085413166,1.1689855766704107,False,1.7960151208540487,0.6752377509890389,0.3514750719735213,,0.4040568089736575
2026-07-15,Wed,JPM,3,long,09:37,7,10:04,34,stop,-1.03659182602419,1.3480058913083963,2.3496164015430625,0.6079339920006034,0.016130733477248915,2.660069765783638,0.16729637203358597,0.949064020534518,True,True,True,0.1139808085413166,1.1689855766704107,True,-0.855910508009626,0.06444397931269148,1.0015260692959198,-0.26232441112545296,-0.9867257706494799
2026-07-15,Wed,MS,4,long,09:35,5,15:55,385,bell,0.08989416829426927,2.955680589089105,2.003340461337956,0.8065680874175799,0.05537400190362111,4.01922379397386,0.26274206007050377,-2.3802252305038296,False,True,True,0.1139808085413166,1.1689855766704107,True,0.4940469767409233,0.5737849676730246,0.4734540517084353,,0.10686417796763939
2026-07-15,Wed,BAC,9,long,09:35,5,15:55,385,bell,-0.6183307720139425,1.2836086546350471,1.326899998032619,0.5360837808720837,0.13845557942181064,0.8795149362281376,0.3161851437116001,1.187526625963553,True,True,True,0.1139808085413166,1.1689855766704107,True,-0.619346369149462,0.0931119541327907,0.9443535988862993,,-0.5796679237705071
2026-07-16,Thu,GE,2,short,09:51,21,15:55,385,bell,-0.1150879375860888,1.9256480194582914,4.444355382289181,0.6008934070873982,0.10526665595870419,4.400401808130426,0.31001983118268023,-0.4525800099115407,True,True,True,0.16439284114779135,1.1353319907282065,False,-0.7593454833876241,1.3411421133410368,0.6329205098908541,,-0.08907811333983157
2026-07-16,Thu,ETN,3,short,09:45,15,15:55,385,bell,0.23567694706778472,1.9109438827471883,3.230610134436401,0.3598290373665038,0.045217627364039455,3.558982511915767,0.16768913609992425,-2.489067254221511,True,True,True,0.16439284114779135,1.1353319907282065,False,-0.13388064176341657,1.0657007742418196,0.9141058105303159,,0.2617111717082051
2026-07-16,Thu,CRWD,5,short,09:39,9,15:55,385,bell,-0.3822786343031767,3.2543816313176497,2.3149227755535264,0.5243713413702348,0.028973974201567308,1.8826552462504191,0.30755266469736964,0.17166137441990692,False,True,True,0.16439284114779135,1.1353319907282065,False,-0.3486223273580934,0.12593409729428012,0.8166251710782302,,-0.3667313667593536
2026-07-16,Thu,GOOGL,7,short,09:41,11,14:51,321,target,1.968947659064487,1.5599484636890169,1.663991801594987,0.5330990824111295,0.00467311023981034,0.8498352773570498,0.2716678729348587,0.63210985801323,False,True,True,0.16439284114779135,1.1353319907282065,False,1.1677528746806773,2.014478122896532,0.8090650090198057,2.99179349851225,2.7975456632522047
2026-07-16,Thu,JNJ,9,long,09:38,8,15:55,385,bell,-0.04432613516646209,1.3062923346619373,1.44351108067937,0.3745065308133287,0.22904484039067619,1.4048547897688437,0.23414633787038014,0.7773901539229966,True,False,False,0.16439284114779135,1.1353319907282065,True,1.0194044969030855,1.1702143438861619,0.47993418665447335,,-0.006052890157390538
2026-07-17,Fri,UNH,5,long,09:38,8,10:42,72,stop,-1.0268373292233117,1.8290009090338204,1.7418042699149094,0.5839907633090695,0.06410440331955258,0.9599262068251799,0.2760433149159531,1.242678553391241,True,False,False,0.17969462818226212,1.1247416542056308,False,2.2913283455395743,0.46971142398619115,1.0283312289978326,0.29310084959874744,-0.8611835165579494
2026-07-17,Fri,NVDA,6,short,09:37,7,10:05,35,stop,-1.026375415296669,1.9323361355451454,1.731373920798321,0.49503290193943483,0.053861120488992345,1.5571688385864417,0.1826625670275544,-2.2751378906552544,True,True,True,0.17969462818226212,1.1247416542056308,True,-0.8877319383321485,0.44318285552878217,1.015865096402053,-0.5053280176256214,-0.9873578093596282
2026-07-17,Fri,ORCL,7,long,09:57,27,15:55,385,bell,0.3678125759039893,2.874097847078215,1.7132319481492468,0.47055100596887145,0.05263344371955915,0.6590875535211401,0.24432470924414468,-1.3439608640187894,False,True,True,0.17969462818226212,1.1247416542056308,False,0.8897363795028529,0.8840289580068662,0.22295187685135165,,0.38540204024266644
2026-07-17,Fri,KO,8,short,09:44,14,13:57,267,target,1.9738490535356905,1.841556428455031,1.678649799331614,0.8163097573464586,0.027967326991511634,2.3336387948601547,0.18070537356438837,0.6357439369039986,False,True,True,0.17969462818226212,1.1247416542056308,True,0.3955822589967757,2.00249877956696,0.2501648376410262,2.0477507938658106,1.711625380768485
2026-07-17,Fri,CRM,9,long,09:36,6,11:16,106,stop,-1.0192471336285334,2.532013047592056,1.633219898201243,0.5819564093629628,0.08785411532774766,0.6397712299192869,0.1484741659279528,-0.7153410639108571,False,False,False,0.17969462818226212,1.1247416542056308,False,-0.06578211647093357,0.059262829228081126,1.0117363991605959,-0.6946132552087145,-0.8379382583099715
2026-07-17,Fri,CRWD,10,long,09:50,20,15:55,385,bell,-0.6111706934925575,4.387290773421899,1.5361959735323103,0.7170941113713721,0.11069034878275356,0.5729267818991755,0.3188837925322761,-1.8549410157720048,False,True,True,0.17969462818226212,1.1247416542056308,False,-0.11133294028751077,0.07816845144979995,0.7841057273029566,,-0.6000741757172429
2026-07-20,Mon,HOOD,4,short,09:46,16,15:55,385,bell,0.14659651766931447,3.0169943356076403,1.348975875171437,0.3935148774413423,0.056180385298975316,1.0528139923828814,0.10850521837625661,2.5412716288952364,False,True,False,0.14913995230797572,1.023228405831278,False,0.44143897977660146,0.327782287857085,0.7086382480767336,,0.163087759296712
2026-07-20,Mon,GOOGL,6,long,09:35,5,15:55,385,bell,-0.6931481381884593,1.501119189403557,1.2732351115612035,0.4202930594677072,0.06458967064589671,1.0824605782640824,0.16719594603706728,1.2227272231235986,True,True,True,0.14913995230797572,1.023228405831278,True,-0.6811492735051388,0.6834035654557572,0.9839021869090444,,-0.6601697420588125
2026-07-20,Mon,QCOM,7,short,09:38,8,15:55,385,bell,0.5415457661323672,2.2623422306932772,1.2371120016301025,0.36936749312130757,0.1033420835381747,0.5624808314872083,0.14837880432541242,1.886237500021104,False,False,False,0.14913995230797572,1.023228405831278,False,0.8031640064324316,0.5633650722625996,0.46635478731422153,,0.5633650722625996
2026-07-20,Mon,SNOW,8,long,09:43,13,15:55,385,bell,-0.0845367966614232,2.983873155855135,1.1567034242600116,0.5760754310519807,0.12715178939429814,2.366219505290478,0.24678633813108708,-0.36668125348481295,False,True,True,0.14913995230797572,1.023228405831278,True,-0.11486253914040948,0.18752511713845318,0.6538771215202724,,-0.06781395917220319
2026-07-20,Mon,GE,10,short,09:44,14,12:41,191,target,1.9640427484002587,1.3529144575334342,1.0627044126320304,0.4001952064797224,0.14790611468835382,0.9203821656041185,0.29066722627045805,1.4407846352472387,False,False,False,0.14913995230797572,1.023228405831278,False,0.8620860043485294,2.0356932232500644,0.15562453415066754,2.528136349106018,2.2761374345303644
2026-07-21,Tue,ADBE,6,long,09:42,12,15:55,385,bell,-0.4172450973100312,3.416465610061086,1.685096840855629,0.8244787277386623,0.02157835168227184,1.4980431343141833,0.2051863103397925,-5.139949159037438,False,False,False,0.20322431948659928,0.9758005232239098,True,0.6954828770966446,0.13784961159204628,0.6347042659419027,,-0.40281149550707024
2026-07-22,Wed,ETN,3,long,09:35,5,15:55,385,bell,-0.03363549364238261,2.278072142027584,1.8528299338106171,0.4619446360203136,0.047503174708036965,2.4723964868147386,0.13933320076059,-1.181378339867134,False,True,True,0.15351205217748315,0.972252174601062,True,0.21869889597803735,0.5431169682768551,0.14379149858472925,,-0.011692957065983415
2026-07-22,Wed,CRWD,5,short,09:35,5,15:55,385,bell,-0.06597662889331594,2.805588337582737,1.6522251525233727,0.3515910521573642,0.24622940260855564,2.2795808134420428,0.23512585117843113,0.5964991533274455,False,False,False,0.15351205217748315,0.972252174601062,False,-0.13640917314276074,0.5768031030717498,0.3378726605182566,,-0.04813098945980904
2026-07-23,Thu,TSLA,1,short,09:37,7,15:42,372,target,1.9814424675641547,2.5565597379937586,7.384092908564023,0.37792078979540056,0.2856005859375,5.947394890362715,0.21093112833534816,-8.92484624174118,True,False,False,0.40325943264949105,0.9492698875186939,True,-2.3710433455585522,2.062415599824329,0.2785727819575771,2.1098797874223982,1.2543513073844437
2026-07-23,Thu,GOOGL,3,short,09:47,17,15:55,385,bell,0.17490161880722194,1.5392461224717575,5.654988238016274,0.3958891482142507,0.08851508713523301,4.93018115941904,0.16104835375555704,-6.156813924138039,True,False,False,0.40325943264949105,0.9492698875186939,True,-2.091187433742141,0.9652404583713231,0.45110268279807175,,0.207281412212162
2026-07-23,Thu,JNJ,4,long,09:35,5,15:55,385,bell,0.049899983644716664,1.4501214522806216,3.6400999937892053,0.5411565333980256,0.038691922380007356,0.8453140745712197,0.19652182047585207,-0.3207037101134458,False,True,True,0.40325943264949105,0.9492698875186939,False,-0.3139041236755023,0.5399130511788097,0.855954969137808,,0.08442206525740141
2026-07-23,Thu,RTX,7,long,09:35,5,15:55,385,bell,-0.20321773638380466,3.4039018396455596,3.0437880530055987,0.7201001060331383,0.25683172499666473,2.908523746390024,0.5312103226122461,12.707969868979951,True,True,True,0.40325943264949105,0.9492698875186939,False,-3.22800725991757,0.4282065777728989,0.43661392934795756,,-0.18862302266602096
2026-07-23,Thu,T,9,short,09:40,10,15:55,385,bell,-0.09970523180108001,3.2095290341100418,1.9713446715325291,0.9274433511566432,0.11904898864974675,1.9749413169217844,0.33473471947711514,0.43393526204669186,False,False,False,0.40325943264949105,0.9492698875186939,True,0.012691344329499333,0.1214047252645718,0.392319844005434,,-0.08408457985577462
2026-07-24,Fri,T,4,long,09:45,15,15:55,385,bell,0.7967446768955353,2.270453105143145,1.9782691417835743,0.7280600134981603,0.06249751647076588,1.1134415410890899,0.1895798919172614,0.5230990806064373,True,False,True,0.13535054651979708,0.9604344214365681,False,-0.15437185282293384,1.006107215309443,0.19024849677995875,,0.8191763010382268
2026-07-24,Fri,MSFT,8,short,09:44,14,15:55,385,bell,-0.19082583896295313,2.0794424162099445,1.1201825792914284,0.49943538105479013,0.3580490819891064,1.1747009393519483,0.32693075557804124,1.5686059653049034,False,True,False,0.13535054651979708,0.9604344214365681,True,0.3223688802432983,0.025174658539195652,0.6350102339928886,,-0.16669758293567
2026-07-27,Mon,SCHW,5,long,09:35,5,15:55,385,bell,0.45805853572398947,0.9426497525611546,1.492531891177806,0.38033447265625003,0.07975735789710177,0.6648461435986874,0.3118537189137631,0.5393169290633271,True,True,True,0.17113348093187278,0.9413533906050646,False,-0.649445518493649,0.9115496921711768,0.15049990161132562,,0.511356183926431
2026-07-28,Tue,KO,1,long,09:35,5,15:55,385,bell,-0.20749483501353796,2.571424841857003,8.397132517830686,1.1761097511757885,0.14843557526484355,7.1944444444423565,0.5870885701444349,4.916768384369075,True,True,False,0.18838947157018204,0.983832148293108,False,-2.826555648542267,0.6356951997647737,0.4948956887335024,,-0.18814443458434096
2026-07-28,Tue,BA,2,long,09:37,7,15:55,385,bell,0.49075405916581716,4.0929448766434255,6.069456719521705,0.6304371846559631,0.23991521902119303,4.545176110256277,0.363975090150031,1.2011695854950766,True,False,False,0.18838947157018204,0.983832148293108,False,-0.29015554520360093,0.6117929289746634,0.4823108436797327,,0.5032218130957723
2026-07-28,Tue,CSCO,3,long,09:52,22,15:55,385,bell,0.4238931756648505,2.341331995142013,3.9336843751629216,0.7142410983481776,0.011904293356665588,1.3158372372515164,0.29588041682036,-0.3664905536976515,False,False,False,0.18838947157018204,0.983832148293108,False,0.28423721221617043,1.0037842018466527,0.4545484310537823,,0.44547127658399255
2026-07-28,Tue,AMD,4,short,09:36,6,15:55,385,bell,0.04744473289827799,3.665874925425938,3.8826430452477854,0.401744401317367,0.090878030673708,0.7322187076365598,0.22465780392942594,-5.770862378423769,True,True,True,0.18838947157018204,0.983832148293108,True,-0.5711987149994949,0.8439061774406652,0.6022778891308892,,0.06105351490534361
2026-07-28,Tue,AMZN,6,short,09:41,11,15:55,385,bell,-0.3716848928682134,1.4165060821156044,2.848153288026381,0.40645758500933116,0.1231346470276764,3.636057861663228,0.1784723905564664,0.48829180354048596,False,True,True,0.18838947157018204,0.983832148293108,True,-0.16304159213042413,0.5511276760930928,0.7507202872669922,,-0.33621866471287815
2026-07-28,Tue,SPGI,8,long,09:39,9,15:55,385,bell,0.20091572827894136,3.1532877070814624,2.60342666109486,0.8587269625222622,0.06164014438964869,3.8915913828953297,0.4105220975601639,-4.716940581621365,False,False,False,0.18838947157018204,0.983832148293108,False,1.6577439923010673,1.2029507854608654,0.39289720284909263,,0.21688063481340583
2026-07-29,Wed,PG,4,long,09:39,9,15:55,385,bell,0.6420482190190603,2.3837180669356988,2.4619819819819817,0.8045398099339163,0.018661781317335712,0.804927166543221,0.2468165086747449,-5.083494484626883,False,True,False,0.21487716924753997,0.9685889136173471,False,2.453200453086387,0.6633555317367043,0.050144584208774774,,0.6633555317367043
2026-07-29,Wed,KO,8,long,09:36,6,15:55,385,bell,-0.5542039263235634,1.3344958247138154,1.33826150672189,0.5467154465523055,0.04205437549466299,0.7193074741559546,0.21544602908703658,0.6909056563893179,True,True,True,0.21487716924753997,0.9685889136173471,False,0.17632696621986405,0.8841223197813869,0.9089753128019425,,-0.5169950904578982
2026-07-30,Thu,MSFT,1,long,09:36,6,15:55,385,bell,0.14353175090476789,3.6873960730888493,11.106375799185281,1.3111052837520678,0.05301031566123089,14.393525087061215,0.4670956451922737,12.140665273837126,True,True,False,0.1482011939479465,1.0405316995421976,False,-4.076977753558074,0.5998380789908241,0.3048387329403541,,0.1571700401195849
2026-07-30,Thu,HOOD,2,short,09:40,10,15:55,385,bell,-0.04731416294959592,7.380958065964181,6.556228880059948,0.9396080290455359,0.026489405374680267,1.413073761328705,0.41161933120425603,1.2289112365866606,False,True,True,0.1482011939479465,1.0405316995421976,True,-0.3606256912298528,0.014410042667055763,0.5631396869650732,,-0.04051971476149417
2026-07-30,Thu,META,3,long,09:35,5,15:55,385,bell,0.183312371866133,2.2960974149810633,5.685344687968386,0.47089035934063966,0.07713906473351032,4.286608000903351,0.25286255045774864,-10.4445147331646,False,True,False,0.1482011939479465,1.0405316995421976,False,2.780348937729835,0.26406000651976563,0.7152274652123326,,0.2051910469556465
2026-07-30,Thu,ARM,4,short,09:35,5,15:55,385,bell,0.3526860492898577,7.60435599877799,5.495825909702718,0.5468347211312972,0.028216726642710695,1.5996706614206204,0.3061758026879464,14.915973236644398,False,False,True,0.1482011939479465,1.0405316995421976,True,0.8342957379427199,0.8790094277162547,0.0808164445103906,,0.35908168720012285
2026-07-30,Thu,AMZN,10,long,09:42,12,15:55,385,bell,0.120009648182214,1.47535498591058,2.9289989981687947,0.46466060253421587,0.0806743636167801,2.3531191054766345,0.23099385623800106,2.850276046702316,True,True,False,0.1482011939479465,1.0405316995421976,False,-0.2713321882933861,1.5238146511081307,0.03965436542869935,,0.15397678537127868
2026-07-31,Fri,LIN,2,long,09:37,7,15:55,385,bell,-0.177849586333421,2.2426711007972164,4.4979335175841175,0.5990527989268096,0.2607618504226663,4.88585858584707,0.3759877793706533,-6.5110393912582225,False,False,True,0.20598838807126427,1.0821456505507028,False,2.4463276714677766,0.25324211765379384,0.4608954404453315,,-0.15563255965467718
2026-07-31,Fri,AMZN,3,long,09:38,8,15:55,385,bell,0.2964668347948105,2.7299472813434056,4.488497993575301,0.9499408958299325,0.0858940214465918,4.863496688138239,0.3558427478775044,12.322370219711033,True,False,True,0.20598838807126427,1.0821456505507028,False,-4.297266071983223,0.5325721059318785,0.5263421415554699,,0.31493967663378564
2026-07-31,Fri,ETN,6,short,09:35,5,15:55,385,bell,-0.7496162361330325,2.3496075456754446,2.854090684486694,0.3908671288704707,0.1608747564884057,3.9217391304234153,0.2013119734036496,7.466387190555612,False,False,False,0.20598838807126427,1.0821456505507028,True,1.493799053412809,1.4897537619374253,0.8661888823411151,,-0.7279721005139589
2026-08-03,Mon,AMZN,1,long,09:35,5,15:55,385,bell,-0.2211474294956265,2.659311683145629,5.802661737787695,0.7327886307865613,0.08426107141231623,12.01721083890478,0.3156213088373129,2.5878083698645415,True,True,True,0.2522611928590453,1.1159973367306089,True,-1.3560354704250528,0.20238744526745525,0.4223048696410001,,-0.20244679513545294
2026-08-03,Mon,BABA,2,long,09:44,14,15:55,385,bell,-0.5306672703781933,1.860278671702835,3.11457448542723,0.4680389198509714,0.00450201215886948,0.40094711917900516,0.18355022148104802,3.557989856137933,True,True,True,0.2522611928590453,1.1159973367306089,True,-1.240546905295546,0.41264269261440867,0.504041597656931,,-0.504041597656931
2026-08-03,Mon,HD,4,short,09:59,29,15:55,385,bell,-0.2834593869916191,1.5211442842680092,2.0296680269107754,0.48821273260867654,0.05082642541249125,0.6562837316870952,0.27461463480915216,2.0375323391023104,False,False,False,0.2522611928590453,1.1159973367306089,False,1.080380090345194,0.8685137863401737,0.32039732078155864,,-0.25046416320896486
2026-08-03,Mon,MSFT,5,long,09:38,8,15:55,385,bell,0.056252191708472156,2.5967904325670177,1.9424544566429724,0.6724531963598626,0.10360667793956649,2.434317337532034,0.2240997030009514,2.517749382851453,True,True,True,0.2522611928590453,1.1159973367306089,True,-1.2693223409875114,0.3251607326802302,0.46476313271809544,,0.07554450193560001
2026-08-03,Mon,BA,10,long,09:51,21,15:55,385,bell,1.2617913123374032,2.8097533429325328,1.5310225439666365,0.47732175393268694,0.09281350660890814,1.5413520632114506,0.17003820506871786,1.8038895514911113,True,True,True,0.2522611928590453,1.1159973367306089,True,-0.4033067545504421,1.2818033804774585,0.14302156226642038,,1.280226581963286
2026-08-04,Tue,PLTR,2,long,09:35,5,15:55,385,bell,1.5068279871405819,5.043325804859636,6.173833188370306,1.0829960802695868,0.19070581791149888,8.719081059732455,0.498849733500643,15.295102848650721,True,True,True,0.14980585542207722,1.1671725064353087,True,-4.201044217392713,1.7576351246598236,0.12669556528696635,,1.5175008303458384
2026-08-04,Tue,MCD,4,short,09:42,12,15:55,385,bell,-0.5439534675246606,2.5219281745557582,2.773826732196203,1.0414353580444826,0.08523262821206175,1.200524074679541,0.4378754605443251,1.9045459568228118,False,False,False,0.14980585542207722,1.1671725064353087,False,-0.13049906876288578,-0.03182137259368981,0.8571378310143546,,-0.5238654348792121
2026-08-04,Tue,ETN,6,short,09:35,5,15:55,385,bell,-0.39429905454589714,2.2674281000210224,2.4252254927434023,0.3544546879851262,0.22864475768451867,4.285666777509146,0.21014819616076377,2.648995140430088,False,False,False,0.14980585542207722,1.1671725064353087,False,1.432691961472772,0.6409364514376055,0.497561795222745,,-0.3720616078670627
2026-08-04,Tue,CSCO,7,long,09:38,8,15:55,385,bell,0.9458617847370806,1.3090136926449853,1.6971274555306406,0.38049045084138555,0.09885704339754003,1.666480701931751,0.18101404702468782,2.796235252411017,True,False,True,0.14980585542207722,1.1671725064353087,True,-1.1545188173297658,1.0194888637526676,0.5971824609012163,,0.9845507575843057
2026-08-05,Wed,SHOP,1,short,09:36,6,15:55,385,bell,0.2168729425182728,5.599164761789108,8.503858243488649,1.2022546186721905,0.0676951020458255,4.0676199261966355,0.495990408966915,21.087631964374907,False,True,True,0.15799431112448414,1.2399277638381894,False,4.487038298814879,0.3861892082511616,0.29256547696596513,,0.2256900008386495
2026-08-05,Wed,UNH,5,long,09:35,5,15:55,385,bell,0.7531242092608628,2.1018709566645533,2.440180352633218,0.5281178701510869,0.15121199456692092,1.7502856210197075,0.3675116944622184,-1.2115866647775198,False,True,True,0.15799431112448414,1.2399277638381894,True,0.61452951852905,1.1813551500952337,0.04134322831552455,,0.7773011898869419
2026-08-05,Wed,NVDA,7,long,09:37,7,15:55,385,bell,-0.015215361106188248,1.6390853544318449,2.0550716490724454,0.4091490158693666,0.06031321601054064,1.9118771318737866,0.1524234228322617,2.304677463720961,True,False,False,0.15799431112448414,1.2399277638381894,True,-0.8845226515537389,0.652114686669565,0.42173407025779314,,0.015297105188083346
2026-08-06,Thu,DDOG,1,long,09:37,7,15:55,385,bell,-0.6879669520815972,5.470279560096785,4.337150564001962,0.8209022655571556,0.10925797721694254,3.976819845459976,0.40731086713990294,-19.705579210770384,False,True,True,0.1684186174288978,1.2527853880348023,True,3.898178169416629,0.34985085507654456,0.7846375425250782,,-0.6791662345157378
2026-08-06,Thu,SHOP,2,long,09:53,23,15:55,385,bell,-0.05874314992034753,3.7189957176656323,1.9958710484643505,0.6016603395951695,0.09138156143442051,2.6714375261158905,0.22335529157451173,-0.4643896706216677,False,True,True,0.1684186174288978,1.2527853880348023,True,0.7773773366294185,0.07492378042767735,0.4352046774368183,,-0.045321320778696966
2026-08-06,Thu,MCD,3,short,09:41,11,14:33,303,stop,-1.0570282800392217,0.8845130254326248,1.8938884509579963,0.3830969000392685,0.011625101134121588,0.24827209894475483,0.21387940706314207,0.6442135565433604,False,False,False,0.1684186174288978,1.2527853880348023,False,0.8611488102335882,0.9354642325617021,1.0279456530769036,-0.5350381942408665,-0.9454566325249575
2026-08-06,Thu,SNOW,5,long,09:48,18,15:55,385,bell,0.44069648011110774,2.3861397553185273,1.5824582485559393,0.453354555643632,0.07283934037538031,1.0545454545444712,0.1655693213461564,-2.4366416931516532,False,True,True,0.1684186174288978,1.2527853880348023,True,0.5353928972142582,0.8968295451206821,0.29627711863669237,,0.46188176781755724
2026-08-06,Thu,JPM,7,short,09:52,22,15:55,385,bell,0.9219760537188176,1.0504638153409231,1.2012762202158713,0.4965681209656812,0.013191455087301658,0.33852645245011853,0.16676831396753358,0.9229234138225628,False,False,False,0.1684186174288978,1.2527853880348023,False,-0.004315275139152685,1.0830948614639915,0.5181982313130076,,0.9690895311504759
2026-08-06,Thu,WMT,8,short,09:36,6,15:55,385,bell,0.8739765974609366,1.2152589047613627,1.0940526449802443,0.4174131326205857,0.11947120740525687,0.34888115365482864,0.2075334808690166,1.4993817664798348,False,False,False,0.1684186174288978,1.2527853880348023,False,0.6790789390514227,1.568835176826573,0.3355427738313972,,0.9146627621728176
2026-08-06,Thu,PLTR,10,short,09:46,16,10:21,51,stop,-1.053515577254006,3.015452973784137,0.9688335840855902,0.5186061738352126,0.006920147273124063,1.4024065745164525,0.14479134560049006,-1.4450738482247871,True,False,False,0.1684186174288978,1.2527853880348023,False,-0.6479840004683574,0.01812876557543633,1.0863216239586693,-0.39088585430685724,-0.6816476214452645
2026-08-07,Fri,DDOG,1,long,09:35,5,15:55,385,bell,-0.6882667893616466,3.8949035312992346,8.081692386662736,0.49461669580302464,0.06272357745598876,1.7510664229109907,0.26640782010569103,2.30336294451301,True,True,True,0.1039320008911478,1.1979809022952566,True,0.025687155006574567,0.5960954841156614,0.8801540645106469,,-0.6757673846338009
2026-08-07,Fri,HD,6,long,09:41,11,15:55,385,bell,0.1793015792348514,1.3659299442246893,2.2202881732907844,0.44429501605158056,0.1314757943795429,0.6122585500452737,0.21197055804007642,0.4777062974422819,True,True,True,0.1039320008911478,1.1979809022952566,True,-0.05018029512379174,0.6197587729022548,0.3761521568131941,,0.21601468496572604
2026-08-07,Fri,NET,8,long,09:52,22,10:32,62,stop,-1.1084969533041131,3.5087975255275556,1.6474069728316667,0.3556109834100829,0.0047545972226654175,3.9615238960800228,0.1245095099557715,63.08219146607501,True,True,True,0.1039320008911478,1.1979809022952566,True,-4.338028665640719,0.17122205407557492,1.099651205696568,-1.0139842593135915,-1.906863741222803
2026-08-07,Fri,PLTR,9,long,09:35,5,15:55,385,bell,1.6924204847778854,2.7435838338480263,1.4982766281658957,0.4973725678636293,0.024039995745133498,1.2682696841110974,0.16726854753518874,2.6419538450639823,True,True,True,0.1039320008911478,1.1979809022952566,True,-0.7606639717876259,1.7846812348246086,0.28987056254316546,,1.7115005733855495
2026-08-10,Mon,PLTR,2,long,09:43,13,15:55,385,bell,-0.17044144901519068,3.0506366562363003,2.0733591585696614,0.5040347054581843,0.09913610249698278,2.7620475057830345,0.21899054706353163,-0.572691437724937,False,False,True,0.11371095523754965,1.1778134466875319,True,-0.40062028932383814,0.6500233154845139,0.2323097203558057,,-0.1541284918871449
2026-08-10,Mon,BAC,7,long,09:36,6,15:55,385,bell,0.42717451411318247,0.7977077327004499,0.8140054348239001,0.42882805901604726,0.07059446553751425,0.6835109501637553,0.16265227449480335,0.015832654460190554,True,False,True,0.11371095523754965,1.1778134466875319,True,-0.2994076730539084,0.9836258093075811,0.1613596278738089,,0.49009916168505363
2026-08-11,Tue,FCX,6,short,09:51,21,15:55,385,bell,0.47142023804327915,1.8795510623164966,1.2317719152471958,0.42810165312177983,0.004129964627325864,1.2568302250355243,0.11564026455014367,1.6087260456801422,False,True,True,0.14264442194944152,1.140484208631693,False,0.29727701953554386,0.9149833761111654,0.27540881553001323,,0.4977734484913106
2026-08-11,Tue,ORCL,10,short,09:35,5,15:55,385,bell,0.4950710264115444,2.7514156912431442,0.6300041471651164,0.46652582849219626,0.1578976352297081,0.7453506980849506,0.27537901041123164,0.033110217417031684,False,True,True,0.14264442194944152,1.140484208631693,False,0.15378714238559166,0.8695633924072523,0.21368168885404037,,0.5129869959692605
2026-08-12,Wed,SMCI,1,long,09:35,5,15:55,385,bell,0.26863887522300883,7.681365295422594,5.711060967457771,1.1192525329705347,0.15000039736467746,6.100465370927448,0.5934063450936314,9.687591466513945,True,False,False,0.22365981429612675,1.1542281796590095,True,-2.0465337239436803,0.5003635932732953,0.5098303071659033,,0.27528577760892264
2026-08-12,Wed,MCD,2,long,09:51,21,15:55,385,bell,0.8347402324472549,1.2830662840405975,3.634802681507716,0.5839945642038553,0.03502701862146717,2.3322000971313597,0.3132477542970061,-0.7624106448267387,False,False,False,0.22365981429612675,1.1542281796590095,True,0.34852312524223317,1.1145843270269968,0.3165997296300324,,0.8741464537391263
2026-08-12,Wed,DDOG,8,long,09:35,5,14:52,322,stop,-1.0204550129087466,4.298021413123434,1.0318186747641254,0.4701507875855972,0.13495598747563065,1.7638150475249965,0.18852466520086836,-7.881410049335624,False,False,False,0.22365981429612675,1.1542281796590095,True,0.6155017784062922,0.45449217866745806,1.0093264162528501,-0.853798302796575,-0.9689358333370922
2026-08-12,Wed,WMT,10,long,09:37,7,15:55,385,bell,1.3092684357110949,1.3423758633707967,0.9223137090477981,0.49367696981597703,0.13147512082434115,1.1058190896867475,0.20716580792281725,-0.7636601831068179,False,False,False,0.22365981429612675,1.1542281796590095,True,-0.19152163455560506,1.3733728982697253,0.26632794875906013,,1.347189422426541
2026-08-13,Thu,CSCO,1,long,09:45,15,15:55,385,bell,-0.6664970740299428,3.0719357922791337,6.170173573335971,0.9606284661246749,0.012048469639832797,4.02768998706981,0.5594022215800312,-8.385123647785143,False,True,True,0.1529362431402578,1.0802991441274932,True,2.7422910460669883,0.2711389442368822,0.9096375926614647,,-0.6505459651539988
2026-08-13,Thu,HD,2,short,09:35,5,15:55,385,bell,0.47562344292484915,1.1925372934672192,2.0344934742075824,0.41877938460668684,0.06675741050605585,1.980367844593126,0.16960661923273293,-1.299848234180423,True,False,False,0.1529362431402578,1.0802991441274932,False,-0.4505179317904972,0.6870192183134035,0.8136421198068643,,0.5172922067849842
2026-08-13,Thu,SMCI,3,long,09:36,6,15:55,385,bell,-0.28433547080196,4.019667249050738,1.9839008430418752,0.5888031712519429,0.06620305388966867,1.4373694828866712,0.23217441041633857,1.9957423189379098,True,True,True,0.1529362431402578,1.0802991441274932,True,-0.6687648507650744,1.5889527915295338,0.44092896038588303,,-0.2720326465690244
2026-08-13,Thu,JPM,5,short,09:35,5,15:55,385,bell,-0.12429021964152795,0.8714475286334806,1.5420968111952282,0.4309900744835973,0.07116241856212138,2.8491184548560393,0.1674393889887382,0.29295971701532864,False,False,False,0.1529362431402578,1.0802991441274932,False,0.29350773337349434,0.5491188092371526,0.9292787523839173,,-0.06688097813504344
2026-08-13,Thu,HOOD,9,long,09:35,5,15:55,385,bell,0.08626594025923892,2.697268411715743,0.9264630559173459,0.40082771805249195,0.2593541071313057,1.5899280575535333,0.25569600968460193,2.0176938280925594,True,True,True,0.1529362431402578,1.0802991441274932,True,-0.40373826456146344,0.43761552972273443,0.665355109533171,,0.10485564074510172
2026-08-14,Fri,SPGI,2,short,09:36,6,15:55,385,bell,-0.254671680834142,1.2961629190094555,1.1416389700204785,0.4245526278261019,0.005060572585273734,1.0266080033491782,0.2649171116281104,0.09474038013248531,False,True,True,0.06845960440071504,1.0789001919713845,False,0.5427028282447935,0.5841155792339595,0.44418982650001826,,-0.21598828905503425
2026-08-14,Fri,FCX,3,long,09:35,5,15:55,385,bell,-0.28235088029159494,1.943236995056626,1.1251262657154941,0.3518138586150872,0.2474201667453201,1.746257817227669,0.22429462482824564,-4.002307007236849,False,False,False,0.06845960440071504,1.0789001919713845,True,1.1847771677557346,0.48254385974509995,0.329909189459119,,-0.2567489912490183
2026-08-14,Fri,CRM,4,short,09:36,6,15:55,385,bell,0.49193538312681445,2.4205806715732905,1.109786884609196,0.4210003901520333,0.24725111192155974,2.7560942639562342,0.191802164284725,0.710308277248517,False,True,True,0.06845960440071504,1.0789001919713845,False,0.8547871324203744,0.7201332494366138,0.018586526290224743,,0.5123354160516276
2026-08-14,Fri,UNH,8,long,09:37,7,15:55,385,bell,0.07583270905523531,1.2109212182502918,0.8376716227284717,0.3897142313266853,0.09336712505436168,1.3150992041230343,0.19195795948014738,-0.34069476840415946,False,False,False,0.06845960440071504,1.0789001919713845,True,0.5553130541631361,0.38058711131350415,0.28821511524009996,,0.11718217790438251
2026-08-17,Mon,AMZN,3,short,09:58,28,15:55,385,bell,0.1502977292271894,1.7023085861882337,1.7657557975428224,0.4117053589732342,0.02867579908675799,0.6275562900226361,0.16161941999270474,1.0965482046174202,False,True,True,0.15850589318610467,1.024050287804781,False,-0.10120822184285229,0.6929960055020651,0.09117479522407931,,0.17957981725283623
2026-08-17,Mon,MCD,4,short,09:35,5,15:55,385,bell,0.5430232022564399,1.1764815865651224,1.4146067963531763,0.4379537424184341,0.1264635333792481,0.6869734283853701,0.23402285529945285,-0.841141797951106,True,True,True,0.15850589318610467,1.024050287804781,False,-0.8109410406024209,0.7250742328483039,0.22210556257682104,,0.5852301898505565
2026-08-17,Mon,CRWD,7,short,09:39,9,15:55,385,bell,-0.04963015581525026,2.629554479288652,1.2354566431867866,0.3531242061941022,0.5825429426752826,1.5441336160079828,0.4072606954210959,-0.28118995627965937,True,True,True,0.15850589318610467,1.024050287804781,False,-0.3426810484695199,0.07714162794245805,0.6850703845024465,,-0.03060022778860223
2026-08-17,Mon,SMCI,10,short,09:42,12,15:55,385,bell,-0.31998015208019903,4.013376619012034,0.7966718172837225,0.5124528057841878,0.09398510258109112,2.023660440702101,0.206484251506005,-1.091587390840787,True,True,True,0.15850589318610467,1.024050287804781,False,-0.27511424207575014,0.22345827908052804,0.6186536950017674,,-0.3073681306230903
2026-08-18,Tue,HD,2,long,09:48,18,15:55,385,bell,-0.24962212565945985,3.0053892925662504,5.4789588027035725,1.1068436847875318,0.08771800671922475,2.814249363863971,0.7169530706893693,-0.27636893186718803,False,False,False,0.19563554787952447,1.0106071702152037,True,-0.2318693406688733,0.315394671119058,0.3296363404625761,,-0.233101896765823
2026-08-19,Wed,JPM,6,short,09:48,18,15:55,385,bell,0.20643379507541806,1.091354869681435,1.267019692205858,0.5816803839746656,0.17885710883071,0.8530176147842938,0.2295855240283025,-0.3413036367585831,True,True,True,0.0964569680475478,0.9353239575680858,False,-0.19658030068119373,0.6574960754734289,0.8374078472597598,,0.2521223459860217
2026-08-19,Wed,JNJ,8,long,09:43,13,15:55,385,bell,-0.29608061283917086,1.2249113274369596,1.2256369953673065,0.4596813706528859,0.1397076148055066,2.1766676376325025,0.2985603253098124,4.985434244099185,True,True,False,0.0964569680475478,0.9353239575680858,True,-2.4195593007483445,0.749008907646645,0.5474728349574153,,-0.255389026086675
2026-08-19,Wed,FCX,9,short,09:35,5,10:36,66,stop,-1.0240467171807033,2.1234382532515093,1.2013622983542132,0.39525622345769135,0.22831024776344025,0.6648212846006637,0.3085420787914935,3.8444072847430677,False,True,True,0.0964569680475478,0.9353239575680858,False,0.6610013574948165,0.16818232549856507,1.0380655475272647,0.021759450025426928,-0.7940274217387012
2026-08-19,Wed,CRWD,10,short,09:36,6,15:55,385,bell,1.0903068814162467,2.6392289177851738,1.1221160257835074,0.5908759616682413,0.04191755371800143,1.039461020211075,0.16790753272717746,-0.18314129853836958,True,True,True,0.0964569680475478,0.9353239575680858,False,-0.11606831961128253,1.9505693814220257,0.2701516720296582,,1.1086974599955297
2026-08-20,Thu,WMT,1,short,09:45,15,15:55,385,bell,0.04149257044357213,2.6791078155803563,6.466998136262677,1.1618328139723617,0.03455052395428799,5.520167627028413,0.4100932801231936,-7.04108408893126,True,False,False,0.18120595042189253,0.8681400913454105,False,-4.365079098501804,0.48097282880427084,0.13149649727851082,,0.060125437118605976
2026-08-20,Thu,BABA,4,short,09:36,6,09:43,13,stop,-1.0278367183706758,1.8290417789731994,2.8023277070257753,0.3822264835139771,0.034999847412109375,6.814568205949677,0.17494480533305126,-3.6667105534448075,True,False,False,0.18120595042189253,0.8681400913454105,False,-0.7933390339335433,0.1247222489133883,1.1544623846830824,-0.7698122689930454,-3.2655609805444272
2026-08-20,Thu,HD,7,long,09:49,19,15:55,385,bell,-0.47191212884964445,1.3389972269435952,1.6279760720491294,0.4675449694773022,0.04517537141981927,0.09374999999990549,0.2401521818546352,-2.4481595996502126,False,True,True,0.18120595042189253,0.8681400913454105,True,1.6392760758774672,0.5555380897353578,0.6990242215206922,,-0.4347881461118458
2026-08-20,Thu,CRWD,9,short,09:36,6,15:55,385,bell,0.6925395698408889,3.2133148835127905,1.0387871596703333,0.528196832359937,0.24375023841918544,1.20230459832499,0.2693276216063969,-2.1525090330517638,True,False,False,0.18120595042189253,0.8681400913454105,False,-0.3265233221745358,0.7109471372442423,0.7484807024649516,,0.7077459521813687
2026-08-21,Fri,MSTR,1,long,09:42,12,15:55,385,bell,-0.10632130303163735,3.255035901959545,5.716673508885109,0.6410477639161499,0.014986466653084812,10.483672968320807,0.30890955121729624,6.5432194020396794,True,False,False,0.17941858366822397,0.8295067288667277,True,-1.0663521631691066,0.4975507599844059,0.5859583313083611,,-0.09100599235141257
2026-08-21,Fri,BABA,2,short,09:36,6,15:55,385,bell,1.3687357023558404,1.968036298274808,5.512980202199563,0.4118494711254298,0.048838736005393804,8.380500341987744,0.15467629669180313,-4.005817880926276,True,True,True,0.17941858366822397,0.8295067288667277,False,0.2017985052922972,1.558670072802764,0.04400888797115079,,1.3934450153180709
2026-08-21,Fri,FCX,4,long,09:38,8,15:55,385,bell,0.14582837371602808,2.5029446974173744,2.876991643454039,0.5409612078235785,0.17857231324095496,2.8338618321770577,0.23061067036656271,4.556297474822579,True,False,False,0.17941858366822397,0.8295067288667277,True,-1.6907272424467201,0.5323678125116494,0.7319804840663552,,0.16588778774589072
2026-08-21,Fri,TSLA,6,long,09:58,28,11:04,94,target,1.9666998814935022,1.5479819366587935,1.4364047484454492,0.4091334197313397,0.13453077423107188,1.591585485331492,0.24981875694171704,1.3821737224991582,True,False,False,0.17941858366822397,0.8295067288667277,True,-0.45234876392927886,2.0111312885421153,0.01578329711697424,2.5969305863502385,1.856201715147182
2026-08-21,Fri,ORCL,8,long,09:38,8,15:55,385,bell,-0.09937944829165496,3.2242628195215532,1.3089065099077857,0.5760237817865564,0.15228184592505384,0.7083343866122763,0.21989979012580538,1.1614358695871685,True,False,False,0.17941858366822397,0.8295067288667277,True,-0.20667052868934574,0.202376421866724,0.5607134734413544,,-0.0839139845807509
2026-08-24,Mon,FCX,1,short,09:52,22,15:55,385,bell,-0.09194700293388301,1.649238323867083,2.7073973649035707,0.3684202897206754,0.058298265421328134,2.265445832619551,0.15259199877969787,1.9510639433370613,False,True,True,0.27188957162479127,0.769487057730701,False,1.0280090774835393,1.1304285969071248,0.3977118299325908,,-0.061599178039046285
2026-08-24,Mon,MSTR,2,short,09:45,15,10:01,31,stop,-1.0187195728009173,2.7443014469294793,2.6839181764245605,0.486719394245287,0.05263116990106397,2.6275281244225495,0.28711042138041293,1.9041264456587825,False,True,True,0.27188957162479127,0.769487057730701,False,0.5850869275521774,0.013776552097990604,1.0103585472893226,-0.6141172677540289,-0.8823422412296962
2026-08-24,Mon,BAC,3,long,09:38,8,15:55,385,bell,0.4822278681263647,0.9439237040542268,1.8200662395621539,0.5028195208466703,0.04901491465585591,2.0566094731752296,0.24713369527817505,0.04862038723814077,True,False,False,0.27188957162479127,0.769487057730701,True,0.39333908314464083,1.0897645002973466,0.19791239032275812,,0.535465983984304
2026-08-24,Mon,TSLA,5,short,09:35,5,15:55,385,bell,0.4715712954831219,2.483691857300344,1.6879730554366188,0.725066489678996,0.014492166048083621,2.475774784026541,0.1674346452189746,0.016538276309518984,False,True,True,0.27188957162479127,0.769487057730701,False,0.6517398687825018,0.7060876513229747,0.4704151135184571,,0.49145688882608324
2026-08-24,Mon,COIN,6,short,09:44,14,15:55,385,bell,1.152787503789409,3.1435752557855765,1.647153379033493,0.3632616104014304,0.1204071909244629,0.8319746376807826,0.15450694217183442,1.1658151439420728,False,True,True,0.27188957162479127,0.769487057730701,False,0.4964704416819972,1.293687267785193,0.6532009833843111,,1.1681089060001153
2026-08-24,Mon,VZ,7,long,09:42,12,15:55,385,bell,0.30431470835892377,0.9872833838974825,1.55880473165733,0.45682466983035286,0.09756324491295974,0.9342145554758323,0.19272925332214394,0.020228812402067753,True,False,False,0.27188957162479127,0.769487057730701,True,-0.22835705045513302,0.7203219959575015,0.5983972595357404,,0.35513629707489414
2026-08-24,Mon,UNH,9,long,09:36,6,15:55,385,bell,-0.06900135189053903,1.7753590001678226,1.4954981589485847,0.6566109787033878,0.12227987220447284,1.774207278141643,0.18872934605730077,0.47164881598491526,True,False,False,0.27188957162479127,0.769487057730701,True,-0.5723991161434793,0.08341521038735396,0.6834088640273659,,-0.040858463170501964
2026-08-24,Mon,GOOGL,10,long,09:51,21,15:55,385,bell,0.03367492135520182,1.6373190986971646,1.4480417377055106,0.6396007151765961,0.01998304257938628,1.2450909090905469,0.14886397553514466,-0.327775165427846,False,False,False,0.27188957162479127,0.769487057730701,True,-0.22503984145981254,0.6258162661802946,0.2156653407388297,,0.06424476851148556
2026-08-25,Tue,HOOD,2,long,09:35,5,15:55,385,bell,1.1907010834934642,3.868137341720041,2.427530544242873,0.6216195252542489,0.23987441204921792,2.279693486589201,0.45874682480992557,-0.6513513849784602,False,True,True,0.15442982989592202,0.6549666399234948,True,0.40696798609433715,1.3250980440492302,0.4818909123841093,,1.2042293162241464
2026-08-25,Tue,CRWD,4,short,09:35,5,15:55,385,bell,1.0808101803076062,2.2962921136335037,1.9895726463840027,0.40494736190100505,0.16477304746257918,0.4431178193283283,0.2847492077483662,0.4771787070983802,False,False,False,0.15442982989592202,0.6549666399234948,False,0.20072668048582523,1.8092823844439179,0.6741043232809449,,1.1020333968189562
2026-08-25,Tue,MSTR,10,long,09:35,5,12:03,153,target,1.9799313463834909,2.622104371160317,1.1190603783765805,0.4198268804694357,0.12570317800673905,1.472135808318659,0.17779099988002403,-3.2239671755997734,False,True,True,0.15442982989592202,0.6549666399234948,True,0.9931293454156002,2.0984446154971965,0.30766918632320395,2.21451857703458,1.6686708284267
2026-08-26,Wed,META,1,short,09:36,6,15:55,385,bell,-0.3066919250415551,3.6916643491269454,3.6242223264574447,0.7722837617934922,0.6376673226428696,4.64804374907487,0.7112911722709687,3.6772614136675763,False,False,False,0.20073896365479107,0.6221159684759033,True,0.6726601853961675,0.4923446646595658,0.7697900750735226,,-0.29300139778135825
2026-08-26,Wed,ORCL,6,long,09:47,17,15:55,385,bell,-0.5034419095752167,3.185754242281138,1.605935163078866,0.7594688187778919,0.0021633083094158407,0.8873509198304803,0.23490611979851464,1.506143839330032,True,True,True,0.20073896365479107,0.6221159684759033,False,-0.8541083240823211,-0.01361665489871501,0.8919348359556729,,-0.4879910346796396
2026-08-26,Wed,UNH,7,long,09:35,5,15:55,385,bell,-0.15335025614705602,1.220305455415723,1.4070923082872502,0.4811166915760082,0.03912148731887875,1.4147278980356257,0.3033211036422758,-0.011343566143229289,False,False,True,0.20073896365479107,0.6221159684759033,False,-0.2458731499020999,1.0241764522125922,0.20638964188906347,,-0.11243312478406589
2026-08-26,Wed,KO,9,short,09:35,5,15:55,385,bell,1.5942059488322093,0.724950904119269,1.2612969491870725,0.4437026450676634,0.03509523363360148,0.7189739998892543,0.21928232357670627,0.25101316580582456,False,True,False,0.20073896365479107,0.6221159684759033,True,-0.06277123874415494,1.692581892149027,0.1597385469677113,,1.662344964146156
2026-08-27,Thu,CRM,1,long,09:35,5,10:06,36,target,1.9748893245612948,2.0737701905992183,13.024396954966523,0.5776314889631382,0.12758407155120308,8.547585737508236,0.30564643472173103,12.605102094091736,True,False,False,0.3463493730167211,0.6105251694750043,True,-4.211595720654386,2.158289715789807,0.02103789518686417,3.682595996563253,3.49486390043765
2026-08-27,Thu,CRWD,2,long,09:38,8,15:55,385,bell,0.9138465071092862,5.133150086329422,10.238900845433658,1.1539522776866478,0.045192451589996095,6.090419479626393,0.3955912656877664,9.259062568119592,True,False,False,0.3463493730167211,0.6105251694750043,True,-2.9024849466755582,1.0414441608549803,0.19613445348704958,,0.9240491391341377
2026-08-27,Thu,NVDA,4,long,09:42,12,15:55,385,bell,0.36700249068950724,2.1882278705944147,4.00370293113858,0.7377189724062636,0.10790278793541148,3.90266818742729,0.38670623457710357,6.182962748028054,True,True,True,0.3463493730167211,0.6105251694750043,True,-2.2571839671875025,0.9466301301139017,0.6988328246845559,,0.39004705409853174
2026-08-28,Fri,CRM,1,long,09:36,6,15:55,385,bell,-0.1528604163876624,3.207056551169935,2.3795497361491305,0.7809625329404829,0.011486440430400702,1.761787812198936,0.2542398562913141,-0.6126326000192139,False,True,True,0.11524081048763177,0.6184089141531722,True,-0.300884560208907,0.7391786351436579,0.21063327390944098,,-0.1373384656229064
2026-08-28,Fri,CRWD,3,short,09:35,5,15:55,385,bell,-0.00799908736027059,5.038109387519393,1.3885960345351207,0.8934735827508344,0.06456505535325888,3.52585052236618,0.20528283598920818,0.1951805143682206,False,False,False,0.11524081048763177,0.6184089141531722,False,1.0089463604270204,0.6492897563925873,0.14441655347490165,,0.0019243082464463703
2026-08-28,Fri,MSFT,7,long,09:42,12,15:55,385,bell,0.33125252156139956,1.3203947516684025,0.9113730750689427,0.44718088224567704,0.4561229164464179,3.5421451666838673,0.3180434854968896,0.0693048394636353,True,True,True,0.11524081048763177,0.6184089141531722,True,-0.5293517647795102,0.9208023871029106,0.4953350348200545,,0.3693046373312991
2026-08-31,Mon,TSLA,2,long,09:42,12,15:55,385,bell,1.546881251847328,2.322382524223545,1.6166487443044024,0.584058778521883,0.08750090069470053,1.079532745122171,0.19075833825354827,-0.2666645665322598,False,False,False,0.25256921774876073,0.6579068254074691,False,0.2646427711673217,1.6309836996112301,0.06876585489725254,,1.569195463877719
2026-08-31,Mon,KO,4,short,09:57,27,15:55,385,bell,0.2695071605534777,0.630336838348886,1.3463079115379868,0.35848644083154807,0.04254593857541718,0.8232756960753447,0.15737894500360944,-0.23426939525047485,True,False,True,0.25256921774876073,0.6579068254074691,True,-0.0873329392898733,0.6161717603238144,0.7392339745676314,,0.34865550118913874
2026-08-31,Mon,AAPL,6,short,09:35,5,15:55,385,bell,0.16358202800235427,1.2775368529172209,1.09855969417701,0.5005364347580579,0.2604340737721622,1.5429408891057976,0.23423675585729808,0.03129298069890485,False,True,True,0.25256921774876073,0.6579068254074691,True,0.2951862519695131,1.0710257392619462,0.3968860803961012,,0.20261853294908702
2026-08-31,Mon,HOOD,7,short,09:35,5,13:05,215,stop,-1.0268277697498895,2.493580769397033,1.0927694601508129,0.35012577930872035,0.1342920394459996,0.5290476707567074,0.17792465040724587,-0.7199769733926997,True,True,True,0.25256921774876073,0.6579068254074691,True,-0.4216379515190729,0.3685061063198753,1.0299412631617493,-0.832698937096221,-1.2390206569216093
2026-08-31,Mon,AMZN,10,short,09:37,7,15:55,385,bell,0.23418681945397876,1.0919736543681542,0.9968738731320611,0.40081837573832446,0.13231828412551305,1.2109311300753252,0.20437658476618772,-1.0567222067693782,True,True,True,0.25256921774876073,0.6579068254074691,True,0.6449920825274525,1.5229132965413608,0.2751665437355865,,0.2798355521640938
2026-09-01,Tue,TSLA,1,short,09:37,7,15:55,385,bell,-0.15012661024488308,2.1578321219342893,2.9274606048088256,0.5160159773980177,0.044862140999085795,1.3684230680857172,0.19568612683950476,-1.956889036713494,True,False,False,0.1777235320797818,0.6571995349336215,True,0.5848899672124135,0.2925176315016501,0.6597955653529898,,-0.12689176030055993
2026-09-01,Tue,GOOGL,4,long,09:44,14,15:55,385,bell,-0.5095944144008416,0.9458685712191895,1.5819473856017678,0.45114015091670995,0.05281881955330243,1.1803218727135945,0.20966915929434257,-0.9773866527597819,False,True,False,0.1777235320797818,0.6571995349336215,False,1.3266174444469512,0.3166919617960731,0.8422189149726366,,-0.4569614283939801
2026-09-01,Tue,HOOD,5,long,09:35,5,14:34,304,stop,-1.0210218246248628,3.293465285499908,1.5555416201010968,0.49636230225848177,0.09687934555203387,3.0461047226587854,0.23243612748695228,0.4581496347364489,True,True,True,0.1777235320797818,0.6571995349336215,False,-0.21164314371704232,0.04028589483249992,1.0091881270953982,-0.8328530740991144,-0.8755150254552939
2026-09-01,Tue,CRWD,8,short,09:38,8,15:55,385,bell,1.5542501739481718,2.8023250216377913,1.3930085436639927,0.4158301068828567,0.16912477381913332,1.7827987707213366,0.1986578060935874,-1.1819186847502272,True,False,True,0.1777235320797818,0.6571995349336215,True,0.2990950608569181,1.9386463491708705,0.12971939453172343,,1.5713068477397139
2026-09-01,Tue,AMZN,10,long,09:37,7,15:55,385,bell,-0.2944070068298244,1.4420699723434138,1.3456363232523767,0.5469544371256698,0.068323334565409,0.6158544509420582,0.2691157520203527,-2.02883647028802,False,True,True,0.1777235320797818,0.6571995349336215,False,1.4781805930632743,0.05488637356170123,0.5420523353422053,,-0.2598645577687476
2026-09-02,Wed,PLTR,1,short,09:36,6,09:56,26,stop,-1.0225316092984678,2.269466534315814,1.7565257506054819,0.49101966415940096,0.12084416662056757,1.7875550979694181,0.2207066819039134,-1.6008030816460073,True,True,True,0.14139281956788124,0.6864697966601914,True,-0.9681916837592098,0.06444190334993509,1.020393108665092,1.9110766876755672,0.9724965198626011
2026-09-02,Wed,CRWD,3,short,09:57,27,15:55,385,bell,0.3136419728418724,4.135509994287992,1.5346826016455468,0.6157417720161477,0.01617984697510924,2.0100166944888604,0.14259725395671483,-0.33013586860122235,True,False,False,0.14139281956788124,0.6864697966601914,True,-0.49260711385979117,0.6579580486213223,0.18561849199765257,,0.32556959529002105
2026-09-02,Wed,META,5,long,09:36,6,15:55,385,bell,0.30100342914292966,1.9694988669927818,1.1081079354941723,0.6000455189021249,0.015788728004307046,6.5176110260319655,0.07431091950172104,-0.002583911742859435,False,False,False,0.14139281956788124,0.6864697966601914,False,-0.2077696299050895,1.0036813848671893,0.2737975945591286,,0.32655387478498804
2026-09-02,Wed,AAPL,7,short,09:35,5,15:55,385,bell,0.02194962315065133,1.0504622437437823,1.0256443353125169,0.4175462652880655,0.13044151306405422,1.8198141322610923,0.17677140759619117,0.5411252161798608,False,True,True,0.14139281956788124,0.6864697966601914,True,1.5654107597773264,0.4414186123013913,0.5791301768649496,,0.06951296007927078
2026-09-02,Wed,JNJ,9,long,09:35,5,12:06,156,stop,-1.0438390910298767,1.7447588332725723,0.887529300062309,0.5205978555684019,0.31896030096551,1.1134574217185302,0.43049169322440173,3.286794487728195,True,False,False,0.14139281956788124,0.6864697966601914,False,-1.6275034702186635,0.4689971603061847,1.0156896801813957,-0.5509519805844295,-0.6619967790392248
2026-09-03,Thu,SNOW,1,short,09:35,5,15:55,385,bell,1.4889781136632043,2.996386339188228,4.280132628371718,0.6610354330322555,0.03694747180426029,5.044731913407787,0.3639346702688479,23.949040037839175,False,False,False,0.26136119266927516,0.6626654635404522,True,4.404135368305435,1.5187980345078709,0.6876880466940459,,1.5049124242228114
2026-09-03,Thu,HOOD,2,long,09:38,8,15:55,385,bell,0.9305909378028082,4.904781789023249,2.989927674490837,0.9079674444002076,0.0053392232672299575,5.374466079923461,0.23653020684706055,6.1769932514687875,True,True,True,0.26136119266927516,0.6626654635404522,False,-1.8570438703100862,0.9652560220490503,0.058190992763935516,,0.9412556990818703
2026-09-03,Thu,TSLA,4,long,09:40,10,15:55,385,bell,0.2756680772007174,2.3433848122805303,2.719154484864667,0.5593942216832856,0.12804968820814794,2.53414068538971,0.2515711717159698,2.489494253405966,True,True,True,0.26136119266927516,0.6626654635404522,False,-1.0890102267802328,1.0833888850966487,0.491926758319795,,0.2971533117276922
2026-09-03,Thu,META,6,long,09:46,16,15:55,385,bell,-0.6083851290055905,2.3941536271369577,2.047161011302652,0.767636834894938,0.002128230194914741,0.5066230450046463,0.1895424737956685,1.998555776815536,True,True,True,0.26136119266927516,0.6626654635404522,False,-1.0124151736075542,0.033117729957733405,0.7696819550298818,,-0.5877948193897801
2026-09-03,Thu,FCX,7,short,09:36,6,15:55,385,bell,0.770859344422349,2.066379690304254,2.003776709827415,0.4483624391808096,0.07115629696938525,0.47399370791792894,0.26259597563890286,1.8865327592449077,False,False,False,0.26136119266927516,0.6626654635404522,True,0.37046249599175646,1.5676704549956948,0.11919549435396276,,0.794658923319108
2026-09-03,Thu,BAC,8,short,09:40,10,11:09,99,stop,-1.0518053276779318,0.9745576582976602,1.3819754314524642,0.4470612070093014,0.16841606501819,3.197126187193928,0.2245608755969015,0.32742056278391996,False,False,False,0.26136119266927516,0.6626654635404522,True,0.36595028966069587,0.006288535723377171,1.0061697977763104,-0.9238570822161347,-1.1708015089543073
2026-09-03,Thu,CRWD,10,long,09:42,12,15:55,385,bell,0.8700430158217525,2.663233474174895,1.1778928102932282,0.35130959232186876,0.0834189883689478,1.9998263285850992,0.15591492997007275,2.5785969610700343,True,True,True,0.26136119266927516,0.6626654635404522,False,0.3861426905001488,0.9161784387725442,0.741055754462481,,0.8892618174837668
2026-09-04,Fri,TSLA,1,short,09:42,12,15:55,385,bell,0.3519679721224071,2.122778662881221,3.887058974312027,0.4252075847761913,0.1984846462634621,2.395315679461337,0.20412814733735865,-3.809053407708407,True,True,False,0.15315974137670643,0.7104140990154777,False,-0.6260942732201981,0.7715985807112062,0.4112583111367241,,0.3753343385762621
2026-09-04,Fri,ORCL,3,short,09:46,16,15:55,385,bell,-0.4193988570674087,1.7496787398253741,2.458281195731298,0.3871512998894336,0.053832399269597965,2.6809158644684414,0.203458356111623,3.18727917224364,False,True,False,0.15315974137670643,0.7104140990154777,False,1.4903238348939851,0.12786485791959634,0.6526043246822628,,-0.39062686903433835
2026-09-04,Fri,PLTR,4,short,09:38,8,15:55,385,bell,0.5242686250294007,2.825481020379154,1.7589450188359859,0.5294566210096457,0.14698831505952775,0.6095844253087133,0.23885428329964398,-1.2051475822865032,True,True,False,0.15315974137670643,0.7104140990154777,False,0.6444554686917725,0.6935324919686705,0.19751030717056908,,0.5416938799706027
2026-09-04,Fri,AMD,8,long,09:35,5,15:55,385,bell,0.9212851440482889,2.1606296792283852,1.2766242274060782,0.5132456282693936,0.0031644245286359496,0.5684835602340206,0.2470958941505641,0.9238550824370639,True,True,True,0.15315974137670643,0.7104140990154777,True,-0.4539031822245284,1.002247640546144,0.3776111511140897,,0.9448989955552463
2026-09-04,Fri,INTC,9,long,09:35,5,15:55,385,bell,0.8767210845209177,2.253202500685634,1.1300760870291322,0.46377414554731206,0.01794664131366128,0.6052597819114605,0.20046667411404165,0.8400573994136851,True,True,True,0.15315974137670643,0.7104140990154777,True,-0.3667202481792287,0.9088114961994246,0.5774635767448184,,0.8993614027636538
2026-09-04,Fri,SNOW,10,short,09:46,16,15:55,385,bell,1.015476909063273,2.64390078283162,1.04125,0.3808905856710992,0.11520821070346418,0.5387364039734738,0.1835737877125794,-1.7513304653832273,True,True,False,0.15315974137670643,0.7104140990154777,False,-0.3852762736874217,1.1486153470800158,0.5779436379806787,,1.0338714243120124
2026-09-08,Tue,ORCL,1,short,09:50,20,15:55,385,bell,0.4694576276345442,3.541860256385522,7.581815532565933,0.7737786187133685,0.19133183863735342,1.7919037458503708,0.45042187424607727,5.687471522518028,False,True,True,0.17506093576344997,0.7130738851600041,False,1.3336684635008458,0.6297429437330403,0.2178982315033182,,0.4833328366377949
2026-09-08,Tue,SMCI,3,long,09:35,5,15:55,385,bell,-0.40295021988580376,3.125913902229121,2.2440209011929255,0.4762196670641463,0.1516591276427262,1.9704584040744797,0.15670595178768337,0.2904816317846892,True,False,False,0.17506093576344997,0.7130738851600041,True,-0.016006174853743293,0.4567589011159687,0.4809149642331675,,-0.38714847193316787
2026-09-08,Tue,GE,4,long,09:53,23,15:55,385,bell,-0.7579858528265869,2.6004214629209716,2.1688146754468485,0.8361123754746901,0.10872294939958198,4.091937069799094,0.3548048080552194,-0.22846304971685383,False,False,False,0.17506093576344997,0.7130738851600041,True,-0.4328018091500275,0.1707663050408759,0.7582968664333818,,-0.7391277643020261
2026-09-08,Tue,SPGI,5,short,09:37,7,15:55,385,bell,0.5406931357490193,1.7010477337102776,2.0773872914447997,0.4627943478660553,0.16990759610572534,0.7339016869199575,0.3625036596716172,-2.2414571608317613,True,True,True,0.17506093576344997,0.7130738851600041,False,-0.23960575238391765,0.7395565150705011,0.47374493944605245,,0.5698018837971707
2026-09-08,Tue,CRM,7,short,09:35,5,15:55,385,bell,-0.2394371447158951,2.3059538900234435,1.7197661267823232,0.4420665730569092,0.09591873594788339,0.8937609470312151,0.29750570024181566,-2.3910458855876726,True,True,True,0.17506093576344997,0.7130738851600041,False,-0.9079501342198716,0.3352208158801901,0.6270450798231472,,-0.21764532127353783
2026-09-08,Tue,XOM,8,long,09:36,6,10:59,89,stop,-1.031295324634474,1.5725582479437394,1.5649349797262717,0.6209738940466945,0.11832471854421865,0.4835887050549551,0.2551212751021809,0.5581332949806228,True,False,False,0.17506093576344997,0.7130738851600041,True,-0.40957684348581985,0.06584724236726662,1.0060917674431273,-0.6214424205966697,-0.7756942391304985
2026-09-08,Tue,AAPL,9,short,09:36,6,15:55,385,bell,-0.09940402703844688,1.5960985273457757,1.4084476947153004,0.5596488237954311,0.14649159105015813,0.5385001794043002,0.34166148590075435,-0.8470141801096953,True,True,True,0.17506093576344997,0.7130738851600041,False,-0.27819412433837126,0.17994317050436764,0.4390308857231423,,-0.06804361832812589
2026-09-08,Tue,INTC,10,short,09:42,12,10:29,59,stop,-1.018282960414469,2.8116803296320843,1.3822672458884404,0.5381872221262537,0.1850214934141759,3.475100785760846,0.22366725320358471,5.354903016700718,False,True,True,0.17506093576344997,0.7130738851600041,False,2.034149155902072,0.024692903035163825,1.0019991563671176,-0.8002012761538002,-1.3489485709566775
2026-09-09,Wed,UNH,2,short,09:35,5,09:43,13,target,1.966731521172021,1.4590668074584032,4.047112754158965,0.611035175601986,0.07135655006592724,1.7004337841265793,0.3803026545686397,1.1311210797284144,False,False,True,0.19958347601057588,0.7115189778468567,True,1.2237984233826653,2.0331110868670175,-0.36414349576862215,3.862819665724039,1.3850173263731684
2026-09-09,Wed,AMD,4,long,09:38,8,15:55,385,bell,0.362246280104703,1.8902187472966192,1.8435574986014598,0.4237577862485238,0.10631859982201128,0.8890708145718833,0.16917950426249806,0.4687165784438285,True,True,False,0.19958347601057588,0.7115189778468567,False,-0.18190396625309507,1.1072649167622293,0.1823186958949957,,0.388892691373232
2026-09-09,Wed,QCOM,9,long,09:35,5,11:09,99,stop,-1.0155599846217933,3.113328012291465,1.625050011353929,0.9197146661771615,0.048496616721623975,2.763093241818871,0.23535227556965466,0.3015819686134291,True,True,False,0.19958347601057588,0.7115189778468567,False,0.595897267495406,-0.02675223483362964,1.0165686024912417,-0.5172015166941712,-0.7258650664168538
2026-09-09,Wed,JPM,10,long,09:41,11,15:55,385,bell,0.946222342139752,0.9149159041471664,1.6044150934590342,0.45841422789735903,0.12259573224203449,1.415593808763226,0.1559935211335671,-0.6533722637112493,False,True,False,0.19958347601057588,0.7115189778468567,False,1.000975630747886,1.370959869231854,0.1213970818177419,,1.0013728600716325
2026-09-10,Thu,FCX,3,short,09:35,5,11:35,125,stop,-1.0269581797734784,1.8897747474717532,1.9625024245408293,0.3694431614583069,0.02520900651382264,5.258998646818604,0.15508545060483603,-7.838633773340964,True,False,True,0.14263626596786888,0.7167922681162223,True,-1.8642641811700504,0.7276854842821857,1.0572843574364057,-0.5797777171624835,-1.0762342727882392
2026-09-10,Thu,META,5,short,09:46,16,15:55,385,bell,0.09998540355236431,2.7012460887423755,1.7625585074438526,0.6913085800091704,0.08468504910222702,2.4591430895770943,0.3957713519674161,0.09106560394505081,False,False,False,0.14263626596786888,0.7167922681162223,True,0.3729795172760049,0.21699592142715524,0.7353823533382302,,0.11843616137071583
2026-09-10,Thu,AAPL,6,long,09:36,6,15:55,385,bell,0.890441446877849,1.5515127176910095,1.7619120006756188,0.5608979812021495,0.13454367897727273,1.8030851895483948,0.26514464224555323,0.42482920577189276,True,True,True,0.14263626596786888,0.7167922681162223,False,-0.3203121563582749,0.9291441332920507,0.8432024351723348,,0.9231296247433262
2026-09-10,Thu,KO,8,long,09:37,7,10:52,82,stop,-1.0489588366181466,1.0109416925033148,1.4476949965308579,0.6577774984854043,0.024687055543520235,1.3727819780894301,0.2581653276606813,0.6851340273186013,True,True,False,0.14263626596786888,0.7167922681162223,False,-0.43400276322432896,0.017298392649960612,1.0004063618190948,-0.4275963365029089,-1.1116385299303297
2026-09-10,Thu,AMZN,10,long,09:47,17,15:55,385,bell,-0.16811361089053828,0.9721279555796212,1.190406685555651,0.38147887215497855,0.023149685285785936,0.6347381864622108,0.13959448696760646,-0.7448661229376152,False,True,True,0.14263626596786888,0.7167922681162223,False,0.4440180749330166,0.46714339829866836,0.4229684462759259,,-0.11673842167625445
2026-09-11,Fri,AAPL,6,long,09:35,5,15:55,385,bell,-0.012391805088338667,1.8833485161070949,1.634312473392933,0.7617146122092613,0.045690533655135424,2.4530856659271527,0.37710097259643166,0.2556594147920199,True,True,True,0.29933218932285893,0.6991778130226031,False,-0.8067270944306689,0.5623913254189393,0.26593605546506927,,0.01416373532131698
2026-09-11,Fri,INTC,7,long,09:39,9,15:55,385,bell,-0.2656451022586368,2.4300756056036077,1.6165488627736133,0.449390632906906,0.19346861785126881,0.39583373554450285,0.2937367685948868,2.2144650580579794,True,True,True,0.29933218932285893,0.6991778130226031,False,-0.06926774272785964,0.5499441730248541,0.8653976125245528,,-0.24519220684866877
2026-09-11,Fri,BAC,8,short,09:45,15,15:55,385,bell,0.5140648797572975,1.2403357420669292,1.039261614232876,0.6857561979262478,0.028169543796306745,0.5495162586007635,0.39402885669195525,1.0306753342828046,False,False,False,0.29933218932285893,0.6991778130226031,True,0.8146460617841224,0.886467445865894,0.06589934740039365,,0.5540994958786931
2026-09-14,Mon,CRWD,1,long,09:44,14,11:19,109,target,1.9842482815228228,3.3894356157454584,4.528273476925972,0.5372955871571727,0.014808996018508555,1.5054454233963206,0.19725340725494753,5.937836997976809,True,True,True,0.09680134614347558,0.7349030347417865,False,-0.7734804959331348,2.018799780640296,0.29015330710488235,2.1139055843049763,1.6079961612293667
2026-09-14,Mon,ORCL,2,short,09:37,7,09:48,18,stop,-1.0224770433535801,2.2751013043734933,3.1585963512622417,0.3829748915100384,0.04545090779105067,2.5227741002144213,0.23060034960290596,-5.988023830512324,True,True,True,0.09680134614347558,0.7349030347417865,True,-1.1784611244425895,-0.003296785935887825,1.0126623924959244,-0.2961343144798838,-0.8008218713843772
2026-09-14,Mon,MSFT,3,long,09:48,18,13:47,257,target,1.9473681332195045,0.968394193697537,3.069989743756055,0.4111530191871849,0.07985603419187944,1.6959670332992838,0.2608112243763742,0.3914610141592778,True,True,True,0.09680134614347558,0.7349030347417865,False,-0.12828769744971863,2.0287657353269752,0.34172182521091393,2.0091490980100883,1.137768364050437
2026-09-14,Mon,PG,4,short,09:56,26,15:55,385,bell,0.3024470157114736,0.7975467984531128,2.620737647877523,0.39769177092040997,0.1538448640128777,3.39453246349429,0.18532857551153908,1.1151614714274505,False,False,False,0.09680134614347558,0.7349030347417865,True,1.3117949886755855,0.7113768557087962,0.3578241215667072,,0.3649567832131125
2026-09-14,Mon,SMCI,5,long,09:46,16,15:55,385,bell,-0.6805871344958931,3.5378006404231996,2.6019906065807876,0.5659767476175412,0.0160003662109375,1.1274153000007643,0.24860945026600378,-6.609306510035906,False,True,True,0.09680134614347558,0.7349030347417865,False,1.254734641524538,0.3122061404969219,0.6742909211669575,,-0.6667874537276366
2026-09-14,Mon,KO,7,short,09:35,5,15:55,385,bell,0.2998818159341927,0.6900670736205905,2.374052089436901,0.46116544251917385,0.009183302069042753,0.8382894155747125,0.1480840096147061,2.0280997872223594,False,True,True,0.09680134614347558,0.7349030347417865,True,1.5401817121218278,1.2290987572306773,0.4120370304856585,,0.3721524644340447
2026-09-15,Tue,JPM,2,short,09:39,9,14:56,326,stop,-1.0584750423102791,0.8624400777906408,1.9194786760436158,0.3869754165103705,0.17570501787369258,3.39731846541251,0.17492595745264983,0.23273482504626575,False,False,True,0.27321953912589714,0.7583954729295828,True,0.09834827018966685,1.7133684044461992,1.2866430785076075,-0.8521271218822496,-1.7960780320975314
2026-09-15,Tue,QCOM,7,long,09:41,11,15:55,385,bell,-0.008639171206816607,3.555592022521434,1.0647285521973884,0.9223794859228437,0.006251341105786424,1.3959407216488549,0.2091585403532324,0.5384109685756755,True,True,False,0.27321953912589714,0.7583954729295828,False,-0.8609541405225904,0.3576155392508251,0.3107947105575058,,0.0054258975137171
2026-09-15,Tue,HD,9,short,09:36,6,15:55,385,bell,0.5621900620123802,1.3605700653111346,0.9368727743606345,0.41415662732754926,0.16767162692924711,1.3236854799789164,0.14554719607554614,0.06753873858522663,False,False,True,0.27321953912589714,0.7583954729295828,True,0.04146366063806825,0.636925185414134,0.23180864448948316,,0.5986400438270847
2026-09-16,Wed,BAC,1,short,09:35,5,15:55,385,bell,0.6041536609715502,1.590536199223009,2.5605269483795325,0.5959925531711646,0.14379176224194673,2.449304174949975,0.32455182968797147,-0.260567836776493,True,True,True,0.08658991114958356,0.7679735498472445,True,-0.24092928081210052,1.3826486062347954,0.5046138113165718,,0.635271964658134
2026-09-16,Wed,JPM,2,short,09:35,5,15:55,385,bell,0.7696378177472488,1.0157572356555804,2.501426433915212,0.4925336309213494,0.0480745718282031,1.7177086202131613,0.2379313880580617,0.2847967057257428,False,True,True,0.08658991114958356,0.7679735498472445,True,1.3629884151270228,1.9464629057385527,0.37673960324228206,,0.8184529514285458
2026-09-16,Wed,INTC,6,long,09:40,10,09:51,21,stop,-1.0217473291558847,2.2474607917944556,1.349819146609971,0.4448019970918935,0.0023028837026150915,1.4818670579268007,0.16622488210917724,4.303954064007565,True,False,False,0.08658991114958356,0.7679735498472445,False,-0.6060547682211004,0.4316739118909128,1.0311646323643608,-0.29544033549552684,-1.1193626573519517
2026-09-18,Fri,WMT,4,long,09:38,8,15:55,385,bell,-0.5426095267685959,0.9467234643122975,1.276690861635695,0.4824546187623343,0.1341471357195359,1.410372877842874,0.22984085683849706,-0.2388285674208901,False,False,False,0.11920053602653985,0.8760454061674123,False,0.041936795073834326,0.2075991408861171,0.5047791060344461,,-0.49004081445999015
2026-09-18,Fri,HOOD,8,short,09:35,5,09:56,26,stop,-1.0138021735762728,3.758784210212021,1.1777914608743498,0.4907652507066361,0.18955296282547354,0.8804329908235587,0.30832310707006766,3.5974470295599525,False,True,True,0.11920053602653985,0.8760454061674123,True,0.7338631946060551,-0.004930787967408851,1.0104088321496758,-0.8595876734647833,-2.011099685815284
2026-09-18,Fri,CRM,10,short,09:42,12,15:55,385,bell,0.4750737234606679,1.968399560662635,1.1407001760219049,0.4092484413344638,0.14545368073115245,0.9440884068685149,0.1321039340329163,0.5020581155156911,False,True,True,0.11920053602653985,0.8760454061674123,True,-0.19876740078285837,0.6666077239786561,0.29247511395989295,,0.5002249578420166
2026-09-21,Mon,META,3,long,09:43,13,15:55,385,bell,1.6051768953107857,3.509095494836144,3.398455695111616,0.9453176433035702,0.18177295941440003,7.830978334004083,0.28999975115610616,2.167147476322606,True,True,True,0.09226252124161648,0.8486988620056892,True,-0.6552008985952481,1.9804854713408708,0.1789848449338335,,1.620235699203149
2026-09-21,Mon,ARM,4,long,09:51,21,15:55,385,bell,1.5060104376071257,4.063824880615618,2.6750539962990336,0.37721018803037903,0.22984325818460702,0.55556705297973,0.24241347666130506,11.08447408499973,True,True,True,0.09226252124161648,0.8486988620056892,True,-1.521972742582022,1.521492147394273,0.05946183856284561,,1.5190736542110077
2026-09-21,Mon,CSCO,6,short,09:35,5,14:38,308,stop,-1.0378171853538847,1.3398652531221718,1.700005274168879,0.5090141733005508,0.12396829700435695,1.7841279606267308,0.28628181094558575,0.38808822397298215,False,False,False,0.09226252124161648,0.8486988620056892,False,0.431363264730662,0.18152220904548333,1.0769103448321529,-1.0358760887672127,-1.408617829324554
2026-09-21,Mon,CRWD,7,long,09:35,5,15:55,385,bell,1.5161137485723855,3.0648723651178114,1.693454887257454,0.4853705025453647,0.10111379462832207,1.4179296908569508,0.20378761965716333,-2.550396676498201,False,True,True,0.09226252124161648,0.8486988620056892,True,0.6844725221664864,1.694315186735961,0.11571927959001227,,1.5331942387494493
2026-09-21,Mon,GOOGL,9,long,09:35,5,15:55,385,bell,0.11385729600797494,1.4884566849669694,1.3394536612652572,0.6039821377692737,0.012307191506410256,1.2522326334084117,0.3144224473125775,0.3450409570650459,True,True,True,0.09226252124161648,0.8486988620056892,True,0.6285059813086695,0.616853280029583,0.3474091112247898,,0.14752289825770531
2026-09-21,Mon,TSLA,10,long,09:52,22,15:55,385,bell,-0.5367726505605444,1.6345936904072627,1.2962681901788393,0.3563668319244187,0.14572969126676932,2.012081300041973,0.15379719083504262,2.075212136128335,True,True,True,0.09226252124161648,0.8486988620056892,True,-0.46442839268814246,0.15263238119100644,0.7617931794506859,,-0.5064372279155657
2026-09-22,Tue,SHOP,1,long,09:36,6,15:55,385,bell,-0.3899314435087009,3.5000033353674174,17.58549953022236,0.7509455407918095,0.09110588141837211,19.62945254600318,0.23339505399776064,4.726353328523225,True,True,True,0.14383412056406544,0.9206208682368751,True,-1.8455412530619195,0.14736937408813924,0.5690446549592402,,-0.3758336596665518
2026-09-22,Tue,META,3,long,09:35,5,15:55,385,bell,-0.7041188373358231,2.8666570683266612,1.6530604672499984,0.615327352489659,0.24067395759120389,2.224439841837276,0.30955617302349486,-1.3240435905426784,False,True,True,0.14383412056406544,0.9206208682368751,True,0.06347987836874748,0.27348071962276527,0.6870204286850058,,-0.6870204286850058
2026-09-22,Tue,CRM,4,short,09:40,10,11:37,127,target,1.9721234096641778,1.7315063661781094,1.398214388813949,0.4191757409261774,0.046447540669218135,4.137420068861967,0.15226529115255738,2.325433910827357,False,True,False,0.14383412056406544,0.9206208682368751,False,0.20739474121103335,2.0032310286440604,0.01434183637960233,1.9777662293609795,1.1848052563934024
2026-09-22,Tue,AMZN,5,long,09:35,5,15:55,385,bell,-0.6185762875316757,1.3735105159739074,1.3739141344655468,0.4285715464159046,0.45695538234561,0.9188165628658522,0.39118172765976805,-1.2364281188532722,False,True,True,0.14383412056406544,0.9206208682368751,True,0.408024566684394,0.4729065839690836,0.9814088522233582,,-0.582464449362289
2026-09-22,Tue,CSCO,7,short,09:41,11,11:40,130,target,1.96728686568298,1.4831014977672472,1.154149497097789,0.5241294422150821,0.1796843335002265,2.1595719779291014,0.22866770283697338,-1.013814159967441,True,True,False,0.14383412056406544,0.9206208682368751,False,-0.03456546072824858,2.0366243081125908,0.11431085377195781,2.644090166131302,1.4105585028802743
2026-09-22,Tue,KO,8,short,09:53,23,10:05,35,stop,-1.0812108273677152,0.6194955699339227,1.1429024185720982,0.38281423011163956,0.043965257050873605,0.6569167528869664,0.16636311493899916,0.7459278522282453,False,True,False,0.14383412056406544,0.9206208682368751,False,0.38380968640147567,0.2417660014778747,1.029896964602581,-0.5138581886856346,-2.2462861315514426
2026-09-23,Wed,NKE,1,short,09:39,9,15:55,385,bell,0.6787704452481688,1.1755023243392575,2.4702705910277714,0.4328688241677199,0.026321601381331942,0.2869064323166308,0.20068737986333296,0.6371284394886434,False,True,True,0.08187018666495167,0.8771629950688652,False,0.30401832946794577,1.425711932341971,0.16001595059466173,,0.7209449801032463
2026-09-23,Wed,SMCI,4,short,09:36,6,10:04,34,stop,-1.0177371150346448,2.90071742861222,1.5655975324668987,0.3708479062897626,0.2824851938378779,2.677348525309753,0.261802494158286,1.962669709237863,False,True,True,0.08187018666495167,0.8771629950688652,False,0.4312905642371664,0.564395524001384,1.0060422225563699,0.2735748930488923,0.007680839118857221
2026-09-24,Thu,CSCO,1,long,09:35,5,15:55,385,bell,0.3191823375523416,1.2762996169447411,5.567360612586743,0.4335547550099014,0.05485449394797837,0.3005786214596435,0.3391017937449099,-0.7938756119141299,False,True,True,0.17601429016199083,0.9071847424821644,False,0.17994596177266373,0.48742155396505393,0.8971423770123608,,0.3585373603706447
2026-09-24,Thu,PLTR,5,long,09:40,10,09:46,16,stop,-1.0276605786607804,1.7755316963580883,2.2499247785874075,0.36467664680041995,0.3100576513347537,1.6031610056961827,0.23598244695067178,-1.2592519040069527,False,True,True,0.17601429016199083,0.9071847424821644,False,0.1727902590207766,0.02010464034589666,1.0603747799608771,0.6034732181576743,0.05372962965622491
2026-09-24,Thu,WMT,6,short,09:47,17,15:55,385,bell,1.0868830050470144,1.4853331655893498,2.1342927272115935,0.8165758667930254,0.05861987319460156,0.5241205084789342,0.23822065459222816,0.36189408332267803,False,False,False,0.17601429016199083,0.9071847424821644,True,-0.04490535033855975,1.1753591515132336,0.2767206707733846,,1.1199854936601545
2026-09-24,Thu,AMD,9,long,09:35,5,15:55,385,bell,1.4518050279603234,2.0982063428121034,1.1999087430019526,0.39568809471573396,0.17629617230886951,1.6768500971667837,0.19246876968438045,-2.3136159000327505,False,True,True,0.17601429016199083,0.9071847424821644,False,0.49933239860228085,1.4763730919496134,0.19916497551984003,,1.4763730919496134
2026-09-25,Fri,COST,1,long,09:36,6,15:55,385,bell,0.3966230914500429,3.0101778747961707,5.582955786343255,0.7374883989413744,0.08400417205976601,3.506946413375518,0.4187670887261832,-1.0641299240254365,False,True,True,0.25881480710699517,0.8720669048477139,True,-0.07153415881236815,0.49507497202013057,0.09787428511478682,,0.4134401256137672
2026-09-25,Fri,MSFT,2,long,09:35,5,15:55,385,bell,0.4057252333084451,2.6808241282931524,3.6163427870571243,1.1824903109622982,0.12203423144762092,6.575347892831871,0.48074519644563235,0.2552367038917591,True,True,True,0.25881480710699517,0.8720669048477139,True,-1.2080737155444399,0.6239363471921929,0.12634671825637087,,0.4245885086070836
2026-09-25,Fri,TSLA,4,short,09:41,11,15:55,385,bell,-0.15519052631864402,4.510806580034048,2.8339917282550497,1.4038958314260428,0.014957309662338355,4.227371835299411,0.35700369117857017,1.7540159935720778,False,False,False,0.25881480710699517,0.8720669048477139,False,-0.4825632236259876,0.14700629698495646,0.4048304668233,,-0.1440340171881088
2026-09-25,Fri,WMT,6,long,09:38,8,15:55,385,bell,0.47981469846043323,0.9167095949291479,2.333756809715553,0.48295030651476223,0.03468075535602459,1.496773742283719,0.22172746890672607,-0.7438428908019823,False,True,True,0.25881480710699517,0.8720669048477139,True,2.019092250172519,0.7530165601841696,0.39479309591313766,,0.5346249111720827
2026-09-25,Fri,DDOG,7,long,09:46,16,15:55,385,bell,-0.6476770007515271,6.361492528996656,2.2141213728886964,0.7713585517214119,0.034358496084588346,2.0237411449340525,0.25800428939347136,16.07975090479421,True,True,True,0.25881480710699517,0.8720669048477139,True,-2.46096784792345,0.07787665622512556,0.6409841555943141,,-0.6401372786621755
2026-09-25,Fri,NKE,9,long,09:56,26,15:55,385,bell,0.4644731078291674,1.0549766972362862,1.8007175259244896,0.37591297403182306,0.030309685921370524,0.35622034713518447,0.10870314852516258,-2.040818055831539,False,True,True,0.25881480710699517,0.8720669048477139,True,0.6290539253343952,1.6044739666496777,0.36709047091269353,,0.5121235813931085
2026-09-25,Fri,META,10,short,09:35,5,15:55,385,bell,-0.015570742975178672,2.2027248476266537,1.78223348256312,0.5136558318979936,0.09017996038661305,1.71037777730774,0.18413848205029218,-1.092924307081089,True,False,False,0.25881480710699517,0.8720669048477139,False,0.36335988637878897,0.39649661864669217,0.47325765645276185,,0.007124852894913282
2026-09-28,Mon,BA,1,short,09:35,5,15:55,385,bell,1.0196571560907637,2.0398509046859084,3.5493098287044735,0.5076668625921542,0.03428867885044643,3.8936705323421466,0.22277744909218747,-3.0945478001661697,True,True,True,0.15307078407794097,0.8884082311457798,False,-1.1740847790874243,1.063118626238286,0.32823244268134855,,1.0436469280012768
2026-09-28,Mon,NVDA,2,long,09:35,5,10:46,76,stop,-1.0342388243614407,1.4393118051366987,2.2268733160891503,0.5551051550688542,0.08680540838384267,2.8411922585831237,0.21576186283886617,1.9863141459570022,True,False,False,0.15307078407794097,0.8884082311457798,True,-1.1229925383512624,0.1309481363093202,1.103350278081992,-0.12427222942842404,-1.245134815417364
2026-09-28,Mon,KO,4,short,09:39,9,10:09,39,stop,-1.075952594263036,0.6626677384437196,1.8240618536075355,0.3727028360889884,0.17242528413077032,1.134727368977995,0.1716476140052538,-0.22208267655199343,True,True,True,0.15307078407794097,0.8884082311457798,False,-0.43143729867204467,-0.006152044514701132,1.020199810952114,0.28852579019138325,-0.43950646905688645
2026-09-28,Mon,META,5,short,09:36,6,15:55,385,bell,0.34034538222665894,3.720002558931648,1.5809267228075758,0.8052832242388915,0.09932088504680386,0.9787417254182906,0.33458452818760104,-0.23160959078839527,True,True,True,0.15307078407794097,0.8884082311457798,False,-0.7986911972532572,0.3669902025935357,0.12477252993929973,,0.3536094284817131
2026-09-28,Mon,QCOM,6,short,09:35,5,15:55,385,bell,0.8568532524552881,3.2320106302131384,1.570540148740339,0.44522678520191833,0.3273730368188111,2.0659802944750107,0.3288691398341226,-1.4849279899651346,True,True,True,0.15307078407794097,0.8884082311457798,False,-0.16182790375690337,0.9728867803036805,0.08922574231525444,,0.8718875548251466
2026-09-28,Mon,MSFT,10,long,09:53,23,15:55,385,bell,0.29604049605235827,1.0626085876603402,1.1172429150237342,0.36326074399084707,0.26281935912985643,0.5796691792292683,0.2574559528797232,-2.070119919344271,False,True,False,0.15307078407794097,0.8884082311457798,True,1.1020202063065563,1.0626642750506878,0.38448372578897166,,0.34326614372623754
2026-09-29,Tue,WMT,1,short,09:35,5,15:55,385,bell,-0.3194019783051152,1.5664087292735551,2.300832342449465,0.7830411109764628,0.12099524316340494,2.9842750483907863,0.43799903763341236,-1.1219949545730579,True,True,True,0.24384442409423435,0.9144562914042071,False,-0.6008724958064083,0.5239467394881453,0.46762573125540996,,-0.28733816024625897
2026-09-29,Tue,CRM,2,short,09:43,13,10:13,43,stop,-1.027684723453097,1.839268296632228,1.9099805992670835,0.35902045498426677,0.293427133402637,0.46377827085497714,0.29924126462901535,0.059369559300304076,False,True,True,0.24384442409423435,0.9144562914042071,False,0.25890189729207314,-0.012607541068067319,1.1020995663906394,-0.10015594112472717,-0.5220900244732842
2026-09-29,Tue,BA,3,long,09:42,12,15:55,385,bell,-0.482680828780997,2.331421113728381,1.7304367760292352,0.4999992753234594,0.11037071606842117,1.3770491803269198,0.18671438973270377,0.5752810425398547,True,False,False,0.24384442409423435,0.9144562914042071,True,0.3963118010675945,0.2907733137751184,0.5067122078625075,,-0.46146541445559547
2026-09-29,Tue,NVDA,7,short,09:36,6,15:55,385,bell,1.0251533365116532,1.178523720785717,1.2013390587038817,0.45230253637439016,0.07311758799246576,0.9503965750533482,0.1992454892561456,0.8737821684359881,False,True,True,0.24384442409423435,0.9144562914042071,False,0.40558254088640455,1.0688849544039531,0.46818102166356945,,1.0670457734237528
2026-09-29,Tue,TSLA,9,short,09:37,7,15:55,385,bell,-0.11373831859059122,1.8032101038318493,1.0725996684084955,0.517384894255966,0.053006734351663636,0.8335336634772237,0.15997364406089518,0.3386002972509239,False,True,True,0.24384442409423435,0.9144562914042071,False,-0.39912721703604676,0.11229987287530324,0.5359955629203497,,-0.08596700775883291
2026-09-30,Wed,HOOD,1,short,09:35,5,15:55,385,bell,0.06732473930860629,8.796382091494,3.090072879077337,1.229777207565946,0.4115110598825402,2.6658120322166456,0.9321632141051908,5.18028080189985,False,True,False,0.14198481110167657,0.9097027662079602,False,-0.2648445487475664,0.14662137924599364,0.307296269638907,,0.07297240819008254
2026-09-30,Wed,PG,3,short,09:36,6,15:03,333,target,1.9287846437427265,0.6923735143239245,1.3914007973463645,0.36305127303395146,0.07100292534941674,0.6601594720917485,0.13912174953463782,0.046970596181550306,False,False,False,0.14198481110167657,0.9097027662079602,False,1.207693583530523,2.019101740556055,0.21361401673566252,2.677221552088227,2.365218281354391
2026-09-30,Wed,GOOGL,4,long,09:49,19,15:52,382,stop,-1.0339140976682262,1.45289295340632,1.3605209819880941,0.49708531097551784,0.1342915480485645,0.8158665609812966,0.22766024951988784,0.9634764707198595,True,True,True,0.14198481110167657,0.9097027662079602,True,-0.7556958074938449,0.6792880113481283,1.00832230145332,-0.8466572066385472,-1.247859793818804
2026-09-30,Wed,MSTR,5,short,09:35,5,15:55,385,bell,0.45940640651616493,4.277016559182385,1.2942344213832226,0.5727905641485127,0.2835791436266963,1.88400358579802,0.38803412722631203,3.7499212002462867,False,True,False,0.14198481110167657,0.9097027662079602,False,0.4983100358479725,0.6968503456808355,0.10119549576919194,,0.4708613677931436
2026-09-30,Wed,MSFT,6,long,09:37,7,15:55,385,bell,-0.6173179835641125,1.156299570435084,1.1788937541416005,0.3780860108914024,0.25832311411653414,1.166311100691404,0.20237043479549657,0.4489847292782345,True,True,True,0.14198481110167657,0.9097027662079602,True,-0.2268502977195202,0.6035245816027961,0.7611814919427622,,-0.5743637760419599
2026-09-30,Wed,TSLA,7,short,09:45,15,13:34,244,stop,-1.027125207657024,1.8779196257950947,1.0375213049252732,0.5312717454112729,0.058924954117765285,0.9903581042497126,0.12210304971809131,-0.2748345934134089,True,True,True,0.14198481110167657,0.9097027662079602,False,-0.513148152095394,0.02566570851623873,1.0042737470392018,-0.8204413310087143,-1.241185032636834
2026-09-30,Wed,SMCI,8,short,09:35,5,15:55,385,bell,0.1554607830374287,3.0837049877855085,0.9887691684350042,0.3606599870072558,0.42353089012754574,0.886608382752278,0.31203302824611306,2.8153534097208777,False,True,False,0.14198481110167657,0.9097027662079602,False,0.2436654672445395,0.758505796862573,0.18055828960098974,,0.17158925021688254
2026-10-01,Thu,GOOGL,4,short,09:36,6,12:49,199,target,1.967996795948295,1.5150044196212247,1.8246824891881226,0.5412704947976833,0.029285390503795545,0.7510288065842076,0.1854542212862662,1.9587300537121877,False,False,False,0.2630279072118805,0.9251690402540917,True,0.7808760048695846,2.0113231386376613,-0.05236123830729586,2.3386090686530423,1.8443653360371566
2026-10-01,Thu,JPM,5,short,09:54,24,15:17,347,stop,-1.0347045373792125,1.461794365047842,1.7970001327374894,0.6065057062710154,0.05152229845626072,2.6588216065998838,0.3201891434890146,-0.7480184672506662,True,True,True,0.2630279072118805,0.9251690402540917,True,-0.4061009152326107,0.43293759057070313,1.0185974474537405,-0.9184955331834734,-1.1103617785796758
2026-10-01,Thu,AAPL,9,long,09:35,5,11:32,122,stop,-1.043442608112924,1.1378478007384527,1.5763402047566455,0.4412439856432176,0.19587855906874313,0.7252840222382493,0.29515849821594065,-1.098407537579138,False,True,True,0.2630279072118805,0.9251690402540917,False,1.1317787665317414,0.12019317877161981,1.0511090767727274,-0.3456845828647724,-0.41186003409457755
2026-10-02,Fri,NKE,1,long,09:36,6,15:55,385,bell,0.6112764590280635,3.561995820211372,8.46290401266307,1.1617791031356013,0.050459076806778275,7.652998530785674,0.4380666837112443,-7.2162079147022435,False,True,True,0.18770093413404954,0.9021267393544944,True,3.297156370861014,0.6722240256498374,0.3275027110456165,,0.6256263465056385
2026-10-02,Fri,WMT,2,long,09:45,15,09:59,29,stop,-1.0721031502485692,0.8643432490120827,2.9928238212900014,0.36076280849836817,0.08665974934895833,0.3803106222042019,0.15974037699975865,0.67127405622458,True,True,True,0.18770093413404954,0.9021267393544944,True,-0.03971458720526265,-0.07981363850823521,1.01476314299955,-0.6847854077121638,-1.190757982002807
2026-10-02,Fri,HOOD,3,long,09:35,5,11:46,136,stop,-1.0105160005146903,4.538852366002875,1.6739069662183448,0.7545956338743521,0.15011048309406558,1.4995224450809455,0.27169159583311314,2.1631577376285627,True,True,True,0.18770093413404954,0.9021267393544944,True,-0.8244483224090171,0.1077409410747779,1.0695695700541488,-0.8005222411321861,-1.1159568941135782
2026-10-02,Fri,TSLA,7,long,09:39,9,15:55,385,bell,0.02138274221610361,2.8468867920086782,1.5272822113319366,0.8383916347119252,0.13692488431753339,2.4660775220923172,0.25795155265673736,1.654475087148155,True,True,True,0.18770093413404954,0.9021267393544944,True,-0.941407780308631,0.4564480176484449,0.17761323679831853,,0.03896526955653706
2026-10-02,Fri,MSTR,8,short,09:59,29,14:39,309,target,1.983056209660853,2.786479280852823,1.4778267078078346,0.4666496176018939,0.02112585248438306,0.8696454948298118,0.27452829311832977,3.2955352263470905,False,True,True,0.18770093413404954,0.9021267393544944,False,1.396346296830905,2.0663524099414596,0.24220064466024685,2.104269244853268,1.3156129640051746
2026-10-02,Fri,BA,10,short,09:43,13,14:35,305,stop,-1.036363669352483,1.3941685528206544,1.2860012176317632,0.354542617979218,0.01867141102430006,0.6601840925178549,0.15612808836275568,0.8289165553897915,False,False,False,0.18770093413404954,0.9021267393544944,False,1.0413497489230739,0.8088033879496196,1.4666439747639874,-0.14193424580446576,-0.21449836849251197
